<Anims>
 <anim name="cooked" root="caffeinberry_bean" numframes="25" framerate="40">
  <frame idx="0" w="271" h="107" x="-1.974579" y="7.650528">
   <element name="caffeinberry_bean01" layername="caffeinberry_bea" frame="1" z_index="4" m_a="1.000000" m_b="0.000000" m_c="0.000000" m_d="1.000000" m_tx="11.300000" m_ty="2.650000"/>
  </frame>
 </anim>
 <anim name="cooked_water" root="caffeinberry_bean" numframes="1200" framerate="40">
  <frame idx="0" w="272" h="108" x="-2.599457" y="6.600544">
   <element name="caffeinberry_bean01" layername="caffeinberry_bea" frame="3" z_index="4" m_a="1.000000" m_b="0.000000" m_c="0.000000" m_d="1.000000" m_tx="11.300000" m_ty="2.650000"/>
  </frame>
  <frame idx="25" w="272" h="107" x="-2.299843" y="6.739464">
   <element name="caffeinberry_bean01" layername="caffeinberry_bea" frame="3" z_index="4" m_a="1.002456" m_b="0.000000" m_c="0.000000" m_d="0.997015" m_tx="11.300000" m_ty="2.944118"/>
  </frame>
  <frame idx="50" w="273" h="107" x="-2.006241" y="6.862610">
   <element name="caffeinberry_bean01" layername="caffeinberry_bea" frame="3" z_index="4" m_a="1.004862" m_b="0.000000" m_c="0.000000" m_d="0.994084" m_tx="11.300000" m_ty="3.219697"/>
  </frame>
  <frame idx="75" w="273" h="107" x="-1.721649" y="6.967838">
   <element name="caffeinberry_bean01" layername="caffeinberry_bea" frame="3" z_index="4" m_a="1.007195" m_b="0.000000" m_c="0.000000" m_d="0.991242" m_tx="11.300000" m_ty="3.472727"/>
  </frame>
  <frame idx="100" w="273" h="106" x="-1.448990" y="7.053841">
   <element name="caffeinberry_bean01" layername="caffeinberry_bea" frame="3" z_index="4" m_a="1.009430" m_b="0.000000" m_c="0.000000" m_d="0.988525" m_tx="11.300000" m_ty="3.700000"/>
  </frame>
  <frame idx="125" w="273" h="106" x="-1.201401" y="7.182266">
   <element name="caffeinberry_bean01" layername="caffeinberry_bea" frame="3" z_index="4" m_a="1.011459" m_b="0.000000" m_c="0.000000" m_d="0.986046" m_tx="11.300000" m_ty="3.957353"/>
  </frame>
  <frame idx="150" w="274" h="106" x="-0.959656" y="7.270847">
   <element name="caffeinberry_bean01" layername="caffeinberry_bea" frame="3" z_index="4" m_a="1.013441" m_b="0.000000" m_c="0.000000" m_d="0.983636" m_tx="11.300000" m_ty="4.171212"/>
  </frame>
  <frame idx="175" w="274" h="105" x="-0.727119" y="7.352024">
   <element name="caffeinberry_bean01" layername="caffeinberry_bea" frame="3" z_index="4" m_a="1.015347" m_b="0.000000" m_c="0.000000" m_d="0.981322" m_tx="11.300000" m_ty="4.372727"/>
  </frame>
  <frame idx="200" w="274" h="105" x="-0.507149" y="7.465092">
   <element name="caffeinberry_bean01" layername="caffeinberry_bea" frame="3" z_index="4" m_a="1.017150" m_b="0.000000" m_c="0.000000" m_d="0.979126" m_tx="11.300000" m_ty="4.600000"/>
  </frame>
  <frame idx="225" w="274" h="105" x="-0.311600" y="7.546829">
   <element name="caffeinberry_bean01" layername="caffeinberry_bea" frame="3" z_index="4" m_a="1.018753" m_b="0.000000" m_c="0.000000" m_d="0.977163" m_tx="11.300000" m_ty="4.783823"/>
  </frame>
  <frame idx="250" w="275" h="104" x="-0.121704" y="7.612057">
   <element name="caffeinberry_bean01" layername="caffeinberry_bea" frame="3" z_index="4" m_a="1.020309" m_b="0.000000" m_c="0.000000" m_d="0.975280" m_tx="11.300000" m_ty="4.946970"/>
  </frame>
  <frame idx="275" w="275" h="104" x="0.058479" y="7.683002">
   <element name="caffeinberry_bean01" layername="caffeinberry_bea" frame="3" z_index="4" m_a="1.021786" m_b="0.000000" m_c="0.000000" m_d="0.973497" m_tx="11.300000" m_ty="5.110606"/>
  </frame>
  <frame idx="300" w="275" h="104" x="0.224838" y="7.785805">
   <element name="caffeinberry_bean01" layername="caffeinberry_bea" frame="3" z_index="4" m_a="1.023150" m_b="0.000000" m_c="0.000000" m_d="0.971832" m_tx="11.300000" m_ty="5.300000"/>
  </frame>
  <frame idx="325" w="275" h="104" x="0.370171" y="7.820278">
   <element name="caffeinberry_bean01" layername="caffeinberry_bea" frame="3" z_index="4" m_a="1.024341" m_b="0.000000" m_c="0.000000" m_d="0.970374" m_tx="11.300000" m_ty="5.410294"/>
  </frame>
  <frame idx="350" w="275" h="103" x="0.507072" y="7.861549">
   <element name="caffeinberry_bean01" layername="caffeinberry_bea" frame="3" z_index="4" m_a="1.025463" m_b="0.000000" m_c="0.000000" m_d="0.969005" m_tx="11.300000" m_ty="5.522727"/>
  </frame>
  <frame idx="375" w="275" h="103" x="0.633614" y="7.909729">
   <element name="caffeinberry_bean01" layername="caffeinberry_bea" frame="3" z_index="4" m_a="1.026501" m_b="0.000000" m_c="0.000000" m_d="0.967747" m_tx="11.300000" m_ty="5.636364"/>
  </frame>
  <frame idx="400" w="275" h="103" x="0.748215" y="7.964470">
   <element name="caffeinberry_bean01" layername="caffeinberry_bea" frame="3" z_index="4" m_a="1.027440" m_b="0.000000" m_c="0.000000" m_d="0.966614" m_tx="11.300000" m_ty="5.750000"/>
  </frame>
  <frame idx="425" w="277" h="103" x="0.842400" y="8.025749">
   <element name="caffeinberry_bean01" layername="caffeinberry_bea" frame="3" z_index="4" m_a="1.028212" m_b="0.000000" m_c="0.000000" m_d="0.965671" m_tx="11.300000" m_ty="5.860294"/>
  </frame>
  <frame idx="450" w="277" h="103" x="0.926590" y="8.070122">
   <element name="caffeinberry_bean01" layername="caffeinberry_bea" frame="3" z_index="4" m_a="1.028902" m_b="0.000000" m_c="0.000000" m_d="0.964829" m_tx="11.300000" m_ty="5.948485"/>
  </frame>
  <frame idx="475" w="277" h="103" x="0.999832" y="8.095566">
   <element name="caffeinberry_bean01" layername="caffeinberry_bea" frame="3" z_index="4" m_a="1.029502" m_b="0.000000" m_c="0.000000" m_d="0.964094" m_tx="11.300000" m_ty="6.012121"/>
  </frame>
  <frame idx="500" w="277" h="103" x="1.061760" y="8.100983">
   <element name="caffeinberry_bean01" layername="caffeinberry_bea" frame="3" z_index="4" m_a="1.030010" m_b="0.000000" m_c="0.000000" m_d="0.963470" m_tx="11.300000" m_ty="6.050000"/>
  </frame>
  <frame idx="525" w="277" h="103" x="1.104828" y="8.115608">
   <element name="caffeinberry_bean01" layername="caffeinberry_bea" frame="3" z_index="4" m_a="1.030363" m_b="0.000000" m_c="0.000000" m_d="0.963044" m_tx="11.300000" m_ty="6.086765"/>
  </frame>
  <frame idx="550" w="277" h="102" x="1.137474" y="8.136642">
   <element name="caffeinberry_bean01" layername="caffeinberry_bea" frame="3" z_index="4" m_a="1.030631" m_b="0.000000" m_c="0.000000" m_d="0.962728" m_tx="11.300000" m_ty="6.124242"/>
  </frame>
  <frame idx="575" w="277" h="102" x="1.158356" y="8.151867">
   <element name="caffeinberry_bean01" layername="caffeinberry_bea" frame="3" z_index="4" m_a="1.030802" m_b="0.000000" m_c="0.000000" m_d="0.962525" m_tx="11.300000" m_ty="6.150000"/>
  </frame>
  <frame idx="600" w="277" h="102" x="1.166679" y="8.147060">
   <element name="caffeinberry_bean01" layername="caffeinberry_bea" frame="3" z_index="4" m_a="1.030870" m_b="0.000000" m_c="0.000000" m_d="0.962433" m_tx="11.300000" m_ty="6.150000"/>
  </frame>
  <frame idx="625" w="277" h="103" x="0.851814" y="8.016281">
   <element name="caffeinberry_bean01" layername="caffeinberry_bea" frame="3" z_index="4" m_a="1.028289" m_b="0.000000" m_c="0.000000" m_d="0.965574" m_tx="11.300000" m_ty="5.855882"/>
  </frame>
  <frame idx="650" w="275" h="103" x="0.568687" y="7.900681">
   <element name="caffeinberry_bean01" layername="caffeinberry_bea" frame="3" z_index="4" m_a="1.025770" m_b="0.000000" m_c="0.000000" m_d="0.968651" m_tx="11.324243" m_ty="5.580303"/>
  </frame>
  <frame idx="675" w="275" h="104" x="0.284500" y="7.778423">
   <element name="caffeinberry_bean01" layername="caffeinberry_bea" frame="3" z_index="4" m_a="1.023329" m_b="0.000000" m_c="0.000000" m_d="0.971632" m_tx="11.337879" m_ty="5.303030"/>
  </frame>
  <frame idx="700" w="275" h="104" x="-0.039894" y="7.623867">
   <element name="caffeinberry_bean01" layername="caffeinberry_bea" frame="3" z_index="4" m_a="1.020980" m_b="0.000000" m_c="0.000000" m_d="0.974487" m_tx="11.300000" m_ty="5.000000"/>
  </frame>
  <frame idx="725" w="274" h="105" x="-0.298248" y="7.536911">
   <element name="caffeinberry_bean01" layername="caffeinberry_bea" frame="3" z_index="4" m_a="1.018862" m_b="0.000000" m_c="0.000000" m_d="0.977057" m_tx="11.300000" m_ty="4.779412"/>
  </frame>
  <frame idx="750" w="274" h="105" x="-0.523170" y="7.417446">
   <element name="caffeinberry_bean01" layername="caffeinberry_bea" frame="3" z_index="4" m_a="1.016820" m_b="0.000000" m_c="0.000000" m_d="0.979550" m_tx="11.324243" m_ty="4.530303"/>
  </frame>
  <frame idx="775" w="274" h="105" x="-0.748222" y="7.300873">
   <element name="caffeinberry_bean01" layername="caffeinberry_bea" frame="3" z_index="4" m_a="1.014864" m_b="0.000000" m_c="0.000000" m_d="0.981941" m_tx="11.337879" m_ty="4.289394"/>
  </frame>
  <frame idx="800" w="274" h="106" x="-1.013458" y="7.229305">
   <element name="caffeinberry_bean01" layername="caffeinberry_bea" frame="3" z_index="4" m_a="1.013000" m_b="0.000000" m_c="0.000000" m_d="0.984207" m_tx="11.300000" m_ty="4.100000"/>
  </frame>
  <frame idx="825" w="273" h="106" x="-1.176743" y="7.149326">
   <element name="caffeinberry_bean01" layername="caffeinberry_bea" frame="3" z_index="4" m_a="1.011360" m_b="0.000000" m_c="0.000000" m_d="0.986204" m_tx="11.336765" m_ty="3.916176"/>
  </frame>
  <frame idx="850" w="273" h="106" x="-1.379837" y="7.061268">
   <element name="caffeinberry_bean01" layername="caffeinberry_bea" frame="3" z_index="4" m_a="1.009786" m_b="0.000000" m_c="0.000000" m_d="0.988114" m_tx="11.325758" m_ty="3.728788"/>
  </frame>
  <frame idx="875" w="273" h="106" x="-1.587303" y="6.989635">
   <element name="caffeinberry_bean01" layername="caffeinberry_bea" frame="3" z_index="4" m_a="1.008296" m_b="0.000000" m_c="0.000000" m_d="0.989913" m_tx="11.300000" m_ty="3.563636"/>
  </frame>
  <frame idx="900" w="273" h="107" x="-1.756439" y="6.962547">
   <element name="caffeinberry_bean01" layername="caffeinberry_bea" frame="3" z_index="4" m_a="1.006910" m_b="0.000000" m_c="0.000000" m_d="0.991577" m_tx="11.300000" m_ty="3.450000"/>
  </frame>
  <frame idx="925" w="273" h="107" x="-1.897278" y="6.889587">
   <element name="caffeinberry_bean01" layername="caffeinberry_bea" frame="3" z_index="4" m_a="1.005756" m_b="0.000000" m_c="0.000000" m_d="0.993002" m_tx="11.300000" m_ty="3.302941"/>
  </frame>
  <frame idx="950" w="273" h="107" x="-2.030792" y="6.833302">
   <element name="caffeinberry_bean01" layername="caffeinberry_bea" frame="3" z_index="4" m_a="1.004661" m_b="0.000000" m_c="0.000000" m_d="0.994336" m_tx="11.300000" m_ty="3.177273"/>
  </frame>
  <frame idx="975" w="273" h="107" x="-2.153084" y="6.771000">
   <element name="caffeinberry_bean01" layername="caffeinberry_bea" frame="3" z_index="4" m_a="1.003659" m_b="0.000000" m_c="0.000000" m_d="0.995557" m_tx="11.300000" m_ty="3.051515"/>
  </frame>
  <frame idx="1000" w="272" h="107" x="-2.260300" y="6.675980">
   <element name="caffeinberry_bean01" layername="caffeinberry_bea" frame="3" z_index="4" m_a="1.002780" m_b="0.000000" m_c="0.000000" m_d="0.996643" m_tx="11.300000" m_ty="2.900000"/>
  </frame>
  <frame idx="1025" w="272" h="108" x="-2.309654" y="6.683567">
   <element name="caffeinberry_bean01" layername="caffeinberry_bea" frame="3" z_index="4" m_a="1.002074" m_b="0.000000" m_c="0.000000" m_d="0.997496" m_tx="11.336765" m_ty="2.863235"/>
  </frame>
  <frame idx="1050" w="272" h="108" x="-2.395424" y="6.660881">
   <element name="caffeinberry_bean01" layername="caffeinberry_bea" frame="3" z_index="4" m_a="1.001461" m_b="0.000000" m_c="0.000000" m_d="0.998247" m_tx="11.325758" m_ty="2.801515"/>
  </frame>
  <frame idx="1075" w="272" h="108" x="-2.483963" y="6.629837">
   <element name="caffeinberry_bean01" layername="caffeinberry_bea" frame="3" z_index="4" m_a="1.000947" m_b="0.000000" m_c="0.000000" m_d="0.998873" m_tx="11.300000" m_ty="2.737879"/>
  </frame>
  <frame idx="1100" w="272" h="108" x="-2.534798" y="6.617210">
   <element name="caffeinberry_bean01" layername="caffeinberry_bea" frame="3" z_index="4" m_a="1.000530" m_b="0.000000" m_c="0.000000" m_d="0.999359" m_tx="11.300000" m_ty="2.700000"/>
  </frame>
  <frame idx="1125" w="272" h="108" x="-2.561714" y="6.595051">
   <element name="caffeinberry_bean01" layername="caffeinberry_bea" frame="3" z_index="4" m_a="1.000309" m_b="0.000000" m_c="0.000000" m_d="0.999640" m_tx="11.300000" m_ty="2.663235"/>
  </frame>
  <frame idx="1150" w="272" h="108" x="-2.578499" y="6.590530">
   <element name="caffeinberry_bean01" layername="caffeinberry_bea" frame="3" z_index="4" m_a="1.000172" m_b="0.000000" m_c="0.000000" m_d="0.999807" m_tx="11.300000" m_ty="2.650000"/>
  </frame>
  <frame idx="1175" w="272" h="108" x="-2.586037" y="6.594200">
   <element name="caffeinberry_bean01" layername="caffeinberry_bea" frame="3" z_index="4" m_a="1.000110" m_b="0.000000" m_c="0.000000" m_d="0.999878" m_tx="11.300000" m_ty="2.650000"/>
  </frame>
 </anim>
 <anim name="idle" root="caffeinberry_bean" numframes="25" framerate="40">
  <frame idx="0" w="283" h="109" x="-4.974396" y="1.825500">
   <element name="caffeinberry_bean01" layername="caffeinberry_bea" frame="0" z_index="4" m_a="1.000000" m_b="0.000000" m_c="0.000000" m_d="1.000000" m_tx="11.300000" m_ty="2.650000"/>
  </frame>
 </anim>
 <anim name="idle_water" root="caffeinberry_bean" numframes="1200" framerate="40">
  <frame idx="0" w="273" h="107" x="-3.424423" y="-0.074478">
   <element name="caffeinberry_bean01" layername="caffeinberry_bea" frame="2" z_index="4" m_a="1.000000" m_b="0.000000" m_c="0.000000" m_d="1.000000" m_tx="11.300000" m_ty="2.650000"/>
  </frame>
  <frame idx="25" w="273" h="106" x="-3.124809" y="0.076378">
   <element name="caffeinberry_bean01" layername="caffeinberry_bea" frame="2" z_index="4" m_a="1.002456" m_b="0.000000" m_c="0.000000" m_d="0.997015" m_tx="11.300000" m_ty="2.944118"/>
  </frame>
  <frame idx="50" w="274" h="106" x="-2.831207" y="0.211250">
   <element name="caffeinberry_bean01" layername="caffeinberry_bea" frame="2" z_index="4" m_a="1.004862" m_b="0.000000" m_c="0.000000" m_d="0.994084" m_tx="11.300000" m_ty="3.219697"/>
  </frame>
  <frame idx="75" w="274" h="105" x="-2.546616" y="0.327850">
   <element name="caffeinberry_bean01" layername="caffeinberry_bea" frame="2" z_index="4" m_a="1.007195" m_b="0.000000" m_c="0.000000" m_d="0.991242" m_tx="11.300000" m_ty="3.472727"/>
  </frame>
  <frame idx="100" w="274" h="105" x="-2.273956" y="0.424721">
   <element name="caffeinberry_bean01" layername="caffeinberry_bea" frame="2" z_index="4" m_a="1.009430" m_b="0.000000" m_c="0.000000" m_d="0.988525" m_tx="11.300000" m_ty="3.700000"/>
  </frame>
  <frame idx="125" w="274" h="105" x="-2.026367" y="0.563061">
   <element name="caffeinberry_bean01" layername="caffeinberry_bea" frame="2" z_index="4" m_a="1.011459" m_b="0.000000" m_c="0.000000" m_d="0.986046" m_tx="11.300000" m_ty="3.957353"/>
  </frame>
  <frame idx="150" w="275" h="104" x="-1.784622" y="0.661282">
   <element name="caffeinberry_bean01" layername="caffeinberry_bea" frame="2" z_index="4" m_a="1.013441" m_b="0.000000" m_c="0.000000" m_d="0.983636" m_tx="11.300000" m_ty="4.171212"/>
  </frame>
  <frame idx="175" w="275" h="104" x="-1.552086" y="0.751713">
   <element name="caffeinberry_bean01" layername="caffeinberry_bea" frame="2" z_index="4" m_a="1.015347" m_b="0.000000" m_c="0.000000" m_d="0.981322" m_tx="11.300000" m_ty="4.372727"/>
  </frame>
  <frame idx="200" w="275" h="104" x="-1.332115" y="0.873566">
   <element name="caffeinberry_bean01" layername="caffeinberry_bea" frame="2" z_index="4" m_a="1.017150" m_b="0.000000" m_c="0.000000" m_d="0.979126" m_tx="11.300000" m_ty="4.600000"/>
  </frame>
  <frame idx="225" w="275" h="103" x="-1.136566" y="0.963154">
   <element name="caffeinberry_bean01" layername="caffeinberry_bea" frame="2" z_index="4" m_a="1.018753" m_b="0.000000" m_c="0.000000" m_d="0.977163" m_tx="11.300000" m_ty="4.783823"/>
  </frame>
  <frame idx="250" w="275" h="103" x="-0.946671" y="1.035915">
   <element name="caffeinberry_bean01" layername="caffeinberry_bea" frame="2" z_index="4" m_a="1.020309" m_b="0.000000" m_c="0.000000" m_d="0.975280" m_tx="11.300000" m_ty="4.946970"/>
  </frame>
  <frame idx="275" w="277" h="103" x="-0.766487" y="1.113991">
   <element name="caffeinberry_bean01" layername="caffeinberry_bea" frame="2" z_index="4" m_a="1.021786" m_b="0.000000" m_c="0.000000" m_d="0.973497" m_tx="11.300000" m_ty="5.110606"/>
  </frame>
  <frame idx="300" w="277" h="103" x="-0.600128" y="1.223454">
   <element name="caffeinberry_bean01" layername="caffeinberry_bea" frame="2" z_index="4" m_a="1.023150" m_b="0.000000" m_c="0.000000" m_d="0.971832" m_tx="11.300000" m_ty="5.300000"/>
  </frame>
  <frame idx="325" w="277" h="102" x="-0.454796" y="1.263760">
   <element name="caffeinberry_bean01" layername="caffeinberry_bea" frame="2" z_index="4" m_a="1.024341" m_b="0.000000" m_c="0.000000" m_d="0.970374" m_tx="11.300000" m_ty="5.410294"/>
  </frame>
  <frame idx="350" w="277" h="102" x="-0.317894" y="1.310505">
   <element name="caffeinberry_bean01" layername="caffeinberry_bea" frame="2" z_index="4" m_a="1.025463" m_b="0.000000" m_c="0.000000" m_d="0.969005" m_tx="11.300000" m_ty="5.522727"/>
  </frame>
  <frame idx="375" w="277" h="102" x="-0.191353" y="1.363720">
   <element name="caffeinberry_bean01" layername="caffeinberry_bea" frame="2" z_index="4" m_a="1.026501" m_b="0.000000" m_c="0.000000" m_d="0.967747" m_tx="11.300000" m_ty="5.636364"/>
  </frame>
  <frame idx="400" w="277" h="102" x="-0.076752" y="1.422993">
   <element name="caffeinberry_bean01" layername="caffeinberry_bea" frame="2" z_index="4" m_a="1.027440" m_b="0.000000" m_c="0.000000" m_d="0.966614" m_tx="11.300000" m_ty="5.750000"/>
  </frame>
  <frame idx="425" w="277" h="102" x="0.017433" y="1.488041">
   <element name="caffeinberry_bean01" layername="caffeinberry_bea" frame="2" z_index="4" m_a="1.028212" m_b="0.000000" m_c="0.000000" m_d="0.965671" m_tx="11.300000" m_ty="5.860294"/>
  </frame>
  <frame idx="450" w="277" h="102" x="0.101624" y="1.535786">
   <element name="caffeinberry_bean01" layername="caffeinberry_bea" frame="2" z_index="4" m_a="1.028902" m_b="0.000000" m_c="0.000000" m_d="0.964829" m_tx="11.300000" m_ty="5.948485"/>
  </frame>
  <frame idx="475" w="278" h="101" x="0.174866" y="1.564167">
   <element name="caffeinberry_bean01" layername="caffeinberry_bea" frame="2" z_index="4" m_a="1.029502" m_b="0.000000" m_c="0.000000" m_d="0.964094" m_tx="11.300000" m_ty="6.012121"/>
  </frame>
  <frame idx="500" w="278" h="101" x="0.236794" y="1.572079">
   <element name="caffeinberry_bean01" layername="caffeinberry_bea" frame="2" z_index="4" m_a="1.030010" m_b="0.000000" m_c="0.000000" m_d="0.963470" m_tx="11.300000" m_ty="6.050000"/>
  </frame>
  <frame idx="525" w="278" h="101" x="0.279861" y="1.588409">
   <element name="caffeinberry_bean01" layername="caffeinberry_bea" frame="2" z_index="4" m_a="1.030363" m_b="0.000000" m_c="0.000000" m_d="0.963044" m_tx="11.300000" m_ty="6.086765"/>
  </frame>
  <frame idx="550" w="278" h="101" x="0.312508" y="1.610710">
   <element name="caffeinberry_bean01" layername="caffeinberry_bea" frame="2" z_index="4" m_a="1.030631" m_b="0.000000" m_c="0.000000" m_d="0.962728" m_tx="11.300000" m_ty="6.124242"/>
  </frame>
  <frame idx="575" w="278" h="101" x="0.333389" y="1.626743">
   <element name="caffeinberry_bean01" layername="caffeinberry_bea" frame="2" z_index="4" m_a="1.030802" m_b="0.000000" m_c="0.000000" m_d="0.962525" m_tx="11.300000" m_ty="6.150000"/>
  </frame>
  <frame idx="600" w="278" h="101" x="0.341713" y="1.622307">
   <element name="caffeinberry_bean01" layername="caffeinberry_bea" frame="2" z_index="4" m_a="1.030870" m_b="0.000000" m_c="0.000000" m_d="0.962433" m_tx="11.300000" m_ty="6.150000"/>
  </frame>
  <frame idx="625" w="277" h="102" x="0.026848" y="1.478962">
   <element name="caffeinberry_bean01" layername="caffeinberry_bea" frame="2" z_index="4" m_a="1.028289" m_b="0.000000" m_c="0.000000" m_d="0.965574" m_tx="11.300000" m_ty="5.855882"/>
  </frame>
  <frame idx="650" w="277" h="102" x="-0.256279" y="1.351055">
   <element name="caffeinberry_bean01" layername="caffeinberry_bea" frame="2" z_index="4" m_a="1.025770" m_b="0.000000" m_c="0.000000" m_d="0.968651" m_tx="11.324243" m_ty="5.580303"/>
  </frame>
  <frame idx="675" w="277" h="103" x="-0.540466" y="1.216873">
   <element name="caffeinberry_bean01" layername="caffeinberry_bea" frame="2" z_index="4" m_a="1.023329" m_b="0.000000" m_c="0.000000" m_d="0.971632" m_tx="11.337879" m_ty="5.303030"/>
  </frame>
  <frame idx="700" w="275" h="103" x="-0.864861" y="1.050896">
   <element name="caffeinberry_bean01" layername="caffeinberry_bea" frame="2" z_index="4" m_a="1.020980" m_b="0.000000" m_c="0.000000" m_d="0.974487" m_tx="11.300000" m_ty="5.000000"/>
  </frame>
  <frame idx="725" w="275" h="103" x="-1.123215" y="0.953659">
   <element name="caffeinberry_bean01" layername="caffeinberry_bea" frame="2" z_index="4" m_a="1.018862" m_b="0.000000" m_c="0.000000" m_d="0.977057" m_tx="11.300000" m_ty="4.779412"/>
  </frame>
  <frame idx="750" w="275" h="104" x="-1.348137" y="0.824226">
   <element name="caffeinberry_bean01" layername="caffeinberry_bea" frame="2" z_index="4" m_a="1.016820" m_b="0.000000" m_c="0.000000" m_d="0.979550" m_tx="11.324243" m_ty="4.530303"/>
  </frame>
  <frame idx="775" w="275" h="104" x="-1.573189" y="0.698086">
   <element name="caffeinberry_bean01" layername="caffeinberry_bea" frame="2" z_index="4" m_a="1.014864" m_b="0.000000" m_c="0.000000" m_d="0.981941" m_tx="11.337879" m_ty="4.289394"/>
  </frame>
  <frame idx="800" w="275" h="104" x="-1.838425" y="0.617455">
   <element name="caffeinberry_bean01" layername="caffeinberry_bea" frame="2" z_index="4" m_a="1.013000" m_b="0.000000" m_c="0.000000" m_d="0.984207" m_tx="11.300000" m_ty="4.100000"/>
  </frame>
  <frame idx="825" w="274" h="105" x="-2.001709" y="0.529488">
   <element name="caffeinberry_bean01" layername="caffeinberry_bea" frame="2" z_index="4" m_a="1.011360" m_b="0.000000" m_c="0.000000" m_d="0.986204" m_tx="11.336765" m_ty="3.916176"/>
  </frame>
  <frame idx="850" w="274" h="105" x="-2.204803" y="0.433788">
   <element name="caffeinberry_bean01" layername="caffeinberry_bea" frame="2" z_index="4" m_a="1.009786" m_b="0.000000" m_c="0.000000" m_d="0.988114" m_tx="11.325758" m_ty="3.728788"/>
  </frame>
  <frame idx="875" w="274" h="105" x="-2.412270" y="0.354965">
   <element name="caffeinberry_bean01" layername="caffeinberry_bea" frame="2" z_index="4" m_a="1.008296" m_b="0.000000" m_c="0.000000" m_d="0.989913" m_tx="11.300000" m_ty="3.563636"/>
  </frame>
  <frame idx="900" w="274" h="105" x="-2.581406" y="0.321217">
   <element name="caffeinberry_bean01" layername="caffeinberry_bea" frame="2" z_index="4" m_a="1.006910" m_b="0.000000" m_c="0.000000" m_d="0.991577" m_tx="11.300000" m_ty="3.450000"/>
  </frame>
  <frame idx="925" w="274" h="106" x="-2.722244" y="0.242558">
   <element name="caffeinberry_bean01" layername="caffeinberry_bea" frame="2" z_index="4" m_a="1.005756" m_b="0.000000" m_c="0.000000" m_d="0.993002" m_tx="11.300000" m_ty="3.302941"/>
  </frame>
  <frame idx="950" w="273" h="106" x="-2.855759" y="0.180935">
   <element name="caffeinberry_bean01" layername="caffeinberry_bea" frame="2" z_index="4" m_a="1.004661" m_b="0.000000" m_c="0.000000" m_d="0.994336" m_tx="11.300000" m_ty="3.177273"/>
  </frame>
  <frame idx="975" w="273" h="106" x="-2.978050" y="0.113750">
   <element name="caffeinberry_bean01" layername="caffeinberry_bea" frame="2" z_index="4" m_a="1.003659" m_b="0.000000" m_c="0.000000" m_d="0.995557" m_tx="11.300000" m_ty="3.051515"/>
  </frame>
  <frame idx="1000" w="273" h="106" x="-3.085266" y="0.014385">
   <element name="caffeinberry_bean01" layername="caffeinberry_bea" frame="2" z_index="4" m_a="1.002780" m_b="0.000000" m_c="0.000000" m_d="0.996643" m_tx="11.300000" m_ty="2.900000"/>
  </frame>
  <frame idx="1025" w="273" h="106" x="-3.134621" y="0.018562">
   <element name="caffeinberry_bean01" layername="caffeinberry_bea" frame="2" z_index="4" m_a="1.002074" m_b="0.000000" m_c="0.000000" m_d="0.997496" m_tx="11.336765" m_ty="2.863235"/>
  </frame>
  <frame idx="1050" w="273" h="106" x="-3.220390" y="-0.007130">
   <element name="caffeinberry_bean01" layername="caffeinberry_bea" frame="2" z_index="4" m_a="1.001461" m_b="0.000000" m_c="0.000000" m_d="0.998247" m_tx="11.325758" m_ty="2.801515"/>
  </frame>
  <frame idx="1075" w="273" h="106" x="-3.308929" y="-0.040680">
   <element name="caffeinberry_bean01" layername="caffeinberry_bea" frame="2" z_index="4" m_a="1.000947" m_b="0.000000" m_c="0.000000" m_d="0.998873" m_tx="11.300000" m_ty="2.737879"/>
  </frame>
  <frame idx="1100" w="273" h="106" x="-3.359764" y="-0.055248">
   <element name="caffeinberry_bean01" layername="caffeinberry_bea" frame="2" z_index="4" m_a="1.000530" m_b="0.000000" m_c="0.000000" m_d="0.999359" m_tx="11.300000" m_ty="2.700000"/>
  </frame>
  <frame idx="1125" w="273" h="107" x="-3.386681" y="-0.078533">
   <element name="caffeinberry_bean01" layername="caffeinberry_bea" frame="2" z_index="4" m_a="1.000309" m_b="0.000000" m_c="0.000000" m_d="0.999640" m_tx="11.300000" m_ty="2.663235"/>
  </frame>
  <frame idx="1150" w="273" h="107" x="-3.403465" y="-0.083721">
   <element name="caffeinberry_bean01" layername="caffeinberry_bea" frame="2" z_index="4" m_a="1.000172" m_b="0.000000" m_c="0.000000" m_d="0.999807" m_tx="11.300000" m_ty="2.650000"/>
  </frame>
  <frame idx="1175" w="273" h="107" x="-3.411003" y="-0.080334">
   <element name="caffeinberry_bean01" layername="caffeinberry_bea" frame="2" z_index="4" m_a="1.000110" m_b="0.000000" m_c="0.000000" m_d="0.999878" m_tx="11.300000" m_ty="2.650000"/>
  </frame>
 </anim>
</Anims>
