<Anims>
 <anim name="idle_tealeaves" root="tealeaves" numframes="50" framerate="40">
  <frame idx="0" w="483" h="198" x="-218.825104" y="-23.325050">
   <element name="tealeaves" layername="foliage" frame="2" z_index="4" m_a="-1.000000" m_b="0.000000" m_c="0.000000" m_d="1.000000" m_tx="-0.100000" m_ty="-0.050000"/>
  </frame>
  <frame idx="25" w="483" h="198" x="-218.825104" y="-23.325050">
   <element name="tealeaves" layername="foliage" frame="2" z_index="4" m_a="-1.000000" m_b="0.000000" m_c="0.000000" m_d="1.000000" m_tx="-0.100000" m_ty="-0.050000"/>
  </frame>
 </anim>
 <anim name="idle_tealeaves_dried" root="tealeaves" numframes="50" framerate="40">
  <frame idx="0" w="467" h="128" x="-211.399963" y="-3.699966">
   <element name="tealeaves" layername="foliage" frame="3" z_index="4" m_a="-1.000000" m_b="0.000000" m_c="0.000000" m_d="1.000000" m_tx="-0.100000" m_ty="-0.050000"/>
  </frame>
  <frame idx="25" w="467" h="128" x="-211.399963" y="-3.699966">
   <element name="tealeaves" layername="foliage" frame="3" z_index="4" m_a="-1.000000" m_b="0.000000" m_c="0.000000" m_d="1.000000" m_tx="-0.100000" m_ty="-0.050000"/>
  </frame>
 </anim>
 <anim name="tealeaves" root="tealeaves" numframes="50" framerate="40">
  <frame idx="0" w="784" h="646" x="-275.340363" y="-150.348633">
   <element name="tealeaves" layername="tealeaves" frame="0" z_index="4" m_a="-0.900648" m_b="2.504928" m_c="-2.504928" m_d="-0.900648" m_tx="6.616541" m_ty="-189.022552"/>
  </frame>
  <frame idx="25" w="784" h="646" x="-275.340363" y="-150.348633">
   <element name="tealeaves" layername="tealeaves" frame="0" z_index="4" m_a="-0.900648" m_b="2.504928" m_c="-2.504928" m_d="-0.900648" m_tx="6.616541" m_ty="-189.022552"/>
  </frame>
 </anim>
 <anim name="tealeaves_dried" root="tealeaves" numframes="50" framerate="40">
  <frame idx="0" w="784" h="646" x="-275.340363" y="-150.348633">
   <element name="tealeaves" layername="tealeaves" frame="1" z_index="4" m_a="-0.900648" m_b="2.504928" m_c="-2.504928" m_d="-0.900648" m_tx="6.616541" m_ty="-189.022552"/>
  </frame>
  <frame idx="25" w="784" h="646" x="-275.340363" y="-150.348633">
   <element name="tealeaves" layername="tealeaves" frame="1" z_index="4" m_a="-0.900648" m_b="2.504928" m_c="-2.504928" m_d="-0.900648" m_tx="6.616541" m_ty="-189.022552"/>
  </frame>
 </anim>
</Anims>
