<Anims>
 <anim name="idle" root="tea_seed" numframes="25" framerate="40">
  <frame idx="0" w="186" h="304" x="22.575188" y="-67.926979">
   <element name="tea_seed" layername="tea_seed" frame="1" z_index="14" m_a="0.999998" m_b="0.000000" m_c="0.000000" m_d="0.999998" m_tx="-2.650000" m_ty="-56.450001"/>
   <element name="tea_seed_ground" layername="tea_seed_ground" frame="0" z_index="15" m_a="1.588073" m_b="0.000000" m_c="0.000000" m_d="1.436364" m_tx="0.550000" m_ty="5.700000"/>
  </frame>
 </anim>
 <anim name="cooked" root="tea_seed" numframes="25" framerate="40">
  <frame idx="0" w="175" h="169" x="-2.392395" y="-32.425629">
   <element name="tea_seed" layername="tea_seed" frame="3" z_index="15" m_a="1.000000" m_b="0.000000" m_c="0.000000" m_d="1.000000" m_tx="4.607638" m_ty="2.574405"/>
  </frame>
 </anim>
 <anim name="planted" root="tea_seed" numframes="25" framerate="40">
  <frame idx="0" w="204" h="315" x="0.780853" y="-56.807198">
   <element name="tea_seed" layername="tea_seed" frame="2" z_index="13" m_a="1.003970" m_b="0.000000" m_c="0.000000" m_d="0.992935" m_tx="-22.350000" m_ty="-12.000000"/>
   <element name="tea_seed" layername="tea_seed" frame="0" z_index="14" m_a="1.005110" m_b="0.000000" m_c="0.000000" m_d="0.995377" m_tx="-21.565201" m_ty="-56.022896"/>
   <element name="tea_seed_ground" layername="tea_seed_ground" frame="0" z_index="15" m_a="1.536930" m_b="0.000000" m_c="0.000000" m_d="0.994797" m_tx="-18.600000" m_ty="41.500000"/>
  </frame>
 </anim>
 <anim name="growth" root="tea_seed" numframes="750" framerate="40">
  <frame idx="0" w="204" h="315" x="0.780853" y="-56.807198">
   <element name="tea_seed" layername="tea_seed" frame="2" z_index="13" m_a="1.003970" m_b="0.000000" m_c="0.000000" m_d="0.992935" m_tx="-22.350000" m_ty="-12.000000"/>
   <element name="tea_seed" layername="tea_seed" frame="0" z_index="14" m_a="1.005110" m_b="0.000000" m_c="0.000000" m_d="0.995377" m_tx="-21.565201" m_ty="-56.022888"/>
   <element name="tea_seed_ground" layername="tea_seed_ground" frame="0" z_index="15" m_a="1.536930" m_b="0.000000" m_c="0.000000" m_d="0.994797" m_tx="-18.600000" m_ty="41.500000"/>
  </frame>
  <frame idx="25" w="204" h="315" x="0.780853" y="-56.814011">
   <element name="tea_seed" layername="tea_seed" frame="2" z_index="13" m_a="1.018588" m_b="0.000000" m_c="0.000000" m_d="0.966972" m_tx="-22.350000" m_ty="-10.455882"/>
   <element name="tea_seed" layername="tea_seed" frame="0" z_index="14" m_a="1.023882" m_b="0.000000" m_c="0.000000" m_d="0.978345" m_tx="-21.565201" m_ty="-56.022888"/>
   <element name="tea_seed_ground" layername="tea_seed_ground" frame="0" z_index="15" m_a="1.536930" m_b="0.000000" m_c="0.000000" m_d="0.994797" m_tx="-18.600000" m_ty="41.500000"/>
  </frame>
  <frame idx="50" w="204" h="315" x="0.780853" y="-56.821182">
   <element name="tea_seed" layername="tea_seed" frame="2" z_index="13" m_a="1.033499" m_b="0.000000" m_c="0.000000" m_d="0.940499" m_tx="-22.350000" m_ty="-8.881818"/>
   <element name="tea_seed" layername="tea_seed" frame="0" z_index="14" m_a="1.043033" m_b="0.000000" m_c="0.000000" m_d="0.960983" m_tx="-21.565201" m_ty="-56.022888"/>
   <element name="tea_seed_ground" layername="tea_seed_ground" frame="0" z_index="15" m_a="1.536930" m_b="0.000000" m_c="0.000000" m_d="0.994797" m_tx="-18.600000" m_ty="41.500000"/>
  </frame>
  <frame idx="75" w="204" h="315" x="0.780853" y="-56.834160">
   <element name="tea_seed" layername="tea_seed" frame="2" z_index="13" m_a="1.048577" m_b="0.000000" m_c="0.000000" m_d="0.913753" m_tx="-22.362122" m_ty="-7.303030"/>
   <element name="tea_seed" layername="tea_seed" frame="0" z_index="14" m_a="1.062399" m_b="0.000000" m_c="0.000000" m_d="0.943443" m_tx="-21.565201" m_ty="-56.022888"/>
   <element name="tea_seed_ground" layername="tea_seed_ground" frame="0" z_index="15" m_a="1.536930" m_b="0.000000" m_c="0.000000" m_d="0.994797" m_tx="-18.600000" m_ty="41.500000"/>
  </frame>
  <frame idx="100" w="204" h="315" x="0.780853" y="-56.859077">
   <element name="tea_seed" layername="tea_seed" frame="2" z_index="13" m_a="1.063660" m_b="0.000000" m_c="0.000000" m_d="0.887039" m_tx="-22.400000" m_ty="-5.750000"/>
   <element name="tea_seed" layername="tea_seed" frame="0" z_index="14" m_a="1.081770" m_b="0.000000" m_c="0.000000" m_d="0.925919" m_tx="-21.565201" m_ty="-56.022888"/>
   <element name="tea_seed_ground" layername="tea_seed_ground" frame="0" z_index="15" m_a="1.536930" m_b="0.000000" m_c="0.000000" m_d="0.994797" m_tx="-18.600000" m_ty="41.500000"/>
  </frame>
  <frame idx="125" w="204" h="315" x="0.780853" y="-56.692886">
   <element name="tea_seed" layername="tea_seed" frame="2" z_index="13" m_a="1.091888" m_b="0.000000" m_c="0.000000" m_d="0.667088" m_tx="-22.547058" m_ty="7.779411"/>
   <element name="tea_seed" layername="tea_seed" frame="0" z_index="14" m_a="0.995211" m_b="0.000000" m_c="0.000000" m_d="1.001956" m_tx="-21.565201" m_ty="-56.022888"/>
   <element name="tea_seed_ground" layername="tea_seed_ground" frame="0" z_index="15" m_a="1.536930" m_b="0.000000" m_c="0.000000" m_d="0.994797" m_tx="-18.600000" m_ty="41.500000"/>
  </frame>
  <frame idx="150" w="204" h="319" x="0.780853" y="-53.111176">
   <element name="tea_seed" layername="tea_seed" frame="2" z_index="13" m_a="1.113231" m_b="0.000000" m_c="0.000000" m_d="0.500888" m_tx="-22.600000" m_ty="18.056061"/>
   <element name="tea_seed" layername="tea_seed" frame="0" z_index="14" m_a="0.792870" m_b="0.000000" m_c="0.000000" m_d="1.179793" m_tx="-21.565201" m_ty="-56.022888"/>
   <element name="tea_seed_ground" layername="tea_seed_ground" frame="0" z_index="15" m_a="1.536930" m_b="0.000000" m_c="0.000000" m_d="0.994797" m_tx="-18.600000" m_ty="41.500000"/>
  </frame>
  <frame idx="175" w="203" h="336" x="-0.316727" y="-37.583527">
   <element name="tea_seed" layername="tea_seed" frame="2" z_index="13" m_a="1.126977" m_b="0.000000" m_c="0.000000" m_d="0.393932" m_tx="-22.600000" m_ty="24.696970"/>
   <element name="tea_seed" layername="tea_seed" frame="0" z_index="14" m_a="0.616247" m_b="0.000000" m_c="0.000000" m_d="1.335070" m_tx="-21.565201" m_ty="-56.022888"/>
   <element name="tea_seed_ground" layername="tea_seed_ground" frame="0" z_index="15" m_a="1.516717" m_b="0.000000" m_c="0.000000" m_d="0.994797" m_tx="-18.612122" m_ty="41.500000"/>
  </frame>
  <frame idx="200" w="241" h="372" x="-16.770798" y="-50.297791">
   <element name="tea_seed" layername="tea_seed" frame="2" z_index="9" m_a="1.132810" m_b="0.000000" m_c="0.000000" m_d="0.348618" m_tx="-22.600000" m_ty="27.500000"/>
   <element name="tea_seed" layername="tea_seed" frame="0" z_index="14" m_a="0.632668" m_b="0.000000" m_c="0.000000" m_d="1.320724" m_tx="-21.565201" m_ty="-56.022888"/>
   <element name="tea_seed_ground" layername="tea_seed_ground" frame="0" z_index="10" m_a="1.453550" m_b="0.000000" m_c="0.000000" m_d="0.994797" m_tx="-18.650000" m_ty="41.500000"/>
   <element name="snow" layername="snow" frame="3" z_index="11" m_a="0.357898" m_b="-0.101058" m_c="0.122143" m_d="0.432573" m_tx="-43.150002" m_ty="-142.550003"/>
   <element name="snow" layername="snow" frame="0" z_index="12" m_a="-0.254091" m_b="0.173122" m_c="-0.171885" m_d="-0.252276" m_tx="-5.100000" m_ty="-92.250000"/>
   <element name="tea_tree_bush" layername="tea_tree_bush" frame="0" z_index="13" m_a="0.342819" m_b="0.000000" m_c="0.000000" m_d="0.514511" m_tx="-32.400002" m_ty="-111.650002"/>
   <element name="tea_tree_bush" layername="tea_tree_bush" frame="1" z_index="14" m_a="0.342819" m_b="0.000000" m_c="0.000000" m_d="0.514511" m_tx="-32.099998" m_ty="-60.500000"/>
   <element name="tea_tree_trunk" layername="tea_tree_trunk" frame="0" z_index="15" m_a="0.342819" m_b="0.000000" m_c="0.000000" m_d="0.514511" m_tx="-27.200001" m_ty="-0.500000"/>
  </frame>
  <frame idx="225" w="236" h="545" x="-20.798553" y="-104.763626">
   <element name="tea_seed" layername="tea_seed" frame="2" z_index="9" m_a="1.127129" m_b="0.000000" m_c="0.000000" m_d="0.377027" m_tx="-22.588978" m_ty="25.758377"/>
   <element name="tea_seed" layername="tea_seed" frame="0" z_index="14" m_a="0.649090" m_b="0.000000" m_c="0.000000" m_d="1.306379" m_tx="-21.565201" m_ty="-56.022888"/>
   <element name="tea_seed_ground" layername="tea_seed_ground" frame="0" z_index="10" m_a="1.294491" m_b="0.000000" m_c="0.000000" m_d="0.994797" m_tx="-18.650000" m_ty="41.500000"/>
   <element name="snow" layername="snow" frame="3" z_index="11" m_a="0.506025" m_b="-0.148366" m_c="0.200862" m_d="0.685071" m_tx="-46.716175" m_ty="-248.836761"/>
   <element name="snow" layername="snow" frame="0" z_index="12" m_a="-0.377505" m_b="0.261351" m_c="-0.271403" m_d="-0.392025" m_tx="5.929411" m_ty="-168.683823"/>
   <element name="tea_tree_bush" layername="tea_tree_bush" frame="0" z_index="13" m_a="0.476592" m_b="0.000000" m_c="0.000000" m_d="0.820596" m_tx="-31.885296" m_ty="-199.627945"/>
   <element name="tea_tree_bush" layername="tea_tree_bush" frame="1" z_index="14" m_a="0.476592" m_b="0.000000" m_c="0.000000" m_d="0.820596" m_tx="-31.364706" m_ty="-118.000000"/>
   <element name="tea_tree_trunk" layername="tea_tree_trunk" frame="0" z_index="15" m_a="0.476592" m_b="0.000000" m_c="0.000000" m_d="0.820596" m_tx="-24.699999" m_ty="-22.411764"/>
  </frame>
  <frame idx="250" w="235" h="649" x="-21.057594" y="-138.204712">
   <element name="tea_seed" layername="tea_seed" frame="2" z_index="9" m_a="1.121448" m_b="0.000000" m_c="0.000000" m_d="0.405436" m_tx="-22.577955" m_ty="24.016754"/>
   <element name="tea_seed" layername="tea_seed" frame="0" z_index="14" m_a="0.665512" m_b="0.000000" m_c="0.000000" m_d="1.292034" m_tx="-21.565201" m_ty="-56.022888"/>
   <element name="tea_seed_ground" layername="tea_seed_ground" frame="0" z_index="10" m_a="1.246227" m_b="0.000000" m_c="0.000000" m_d="0.994797" m_tx="-18.648499" m_ty="41.500000"/>
   <element name="snow" layername="snow" frame="3" z_index="11" m_a="0.591802" m_b="-0.177771" m_c="0.249563" m_d="0.830797" m_tx="-48.872726" m_ty="-310.615173"/>
   <element name="snow" layername="snow" frame="0" z_index="12" m_a="-0.448786" m_b="0.313845" m_c="-0.330468" m_d="-0.472556" m_tx="12.275758" m_ty="-213.121216"/>
   <element name="tea_tree_bush" layername="tea_tree_bush" frame="0" z_index="13" m_a="0.554165" m_b="0.000000" m_c="0.000000" m_d="0.998070" m_tx="-31.675758" m_ty="-250.766678"/>
   <element name="tea_tree_bush" layername="tea_tree_bush" frame="1" z_index="14" m_a="0.554165" m_b="0.000000" m_c="0.000000" m_d="0.998070" m_tx="-31.075758" m_ty="-151.500000"/>
   <element name="tea_tree_trunk" layername="tea_tree_trunk" frame="0" z_index="15" m_a="0.554165" m_b="0.000000" m_c="0.000000" m_d="0.998070" m_tx="-23.339394" m_ty="-34.930302"/>
  </frame>
  <frame idx="275" w="235" h="698" x="-21.466400" y="-154.922943">
   <element name="tea_seed" layername="tea_seed" frame="2" z_index="9" m_a="1.115768" m_b="0.000000" m_c="0.000000" m_d="0.433845" m_tx="-22.566931" m_ty="22.275131"/>
   <element name="tea_seed" layername="tea_seed" frame="0" z_index="14" m_a="0.681933" m_b="0.000000" m_c="0.000000" m_d="1.277689" m_tx="-21.565201" m_ty="-56.022888"/>
   <element name="tea_seed_ground" layername="tea_seed_ground" frame="0" z_index="10" m_a="1.260284" m_b="0.000000" m_c="0.000000" m_d="0.994797" m_tx="-18.646154" m_ty="41.500000"/>
   <element name="snow" layername="snow" frame="3" z_index="10" m_a="0.632252" m_b="-0.191896" m_c="0.272552" m_d="0.897997" m_tx="-49.981819" m_ty="-340.109100"/>
   <element name="snow" layername="snow" frame="0" z_index="11" m_a="-0.482012" m_b="0.338672" m_c="-0.358162" m_d="-0.509752" m_tx="15.212121" m_ty="-233.718185"/>
   <element name="tea_tree_bush" layername="tea_tree_bush" frame="0" z_index="12" m_a="0.590771" m_b="0.000000" m_c="0.000000" m_d="1.079914" m_tx="-31.674242" m_ty="-275.304565"/>
   <element name="tea_tree_bush" layername="tea_tree_bush" frame="1" z_index="13" m_a="0.590771" m_b="0.000000" m_c="0.000000" m_d="1.079914" m_tx="-31.086363" m_ty="-167.075760"/>
   <element name="tea_tree_trunk" layername="tea_tree_trunk" frame="0" z_index="15" m_a="0.590771" m_b="0.000000" m_c="0.000000" m_d="1.079914" m_tx="-22.789394" m_ty="-40.613636"/>
   <element name="tea_seed_ground" layername="tea_seed_ground" frame="1" z_index="14" m_a="0.652614" m_b="0.000000" m_c="0.000000" m_d="0.619483" m_tx="-23.737879" m_ty="39.796970"/>
  </frame>
  <frame idx="300" w="235" h="720" x="-21.926720" y="-163.584167">
   <element name="tea_seed" layername="tea_seed" frame="2" z_index="9" m_a="1.110087" m_b="0.000000" m_c="0.000000" m_d="0.462254" m_tx="-22.555908" m_ty="20.533510"/>
   <element name="tea_seed" layername="tea_seed" frame="0" z_index="14" m_a="0.698355" m_b="0.000000" m_c="0.000000" m_d="1.263344" m_tx="-21.565201" m_ty="-56.022888"/>
   <element name="tea_seed_ground" layername="tea_seed_ground" frame="0" z_index="10" m_a="1.274341" m_b="0.000000" m_c="0.000000" m_d="0.994797" m_tx="-18.643808" m_ty="41.500000"/>
   <element name="snow" layername="snow" frame="3" z_index="10" m_a="0.650400" m_b="-0.196666" m_c="0.279723" m_d="0.925082" m_tx="-50.549999" m_ty="-354.200012"/>
   <element name="snow" layername="snow" frame="0" z_index="11" m_a="-0.495903" m_b="0.348539" m_c="-0.368819" m_d="-0.524756" m_tx="16.500000" m_ty="-241.899994"/>
   <element name="tea_tree_bush" layername="tea_tree_bush" frame="0" z_index="12" m_a="0.607498" m_b="0.000000" m_c="0.000000" m_d="1.112270" m_tx="-31.750000" m_ty="-287.350006"/>
   <element name="tea_tree_bush" layername="tea_tree_bush" frame="1" z_index="13" m_a="0.607498" m_b="0.000000" m_c="0.000000" m_d="1.112270" m_tx="-31.200001" m_ty="-173.250000"/>
   <element name="tea_tree_trunk" layername="tea_tree_trunk" frame="0" z_index="15" m_a="0.607498" m_b="0.000000" m_c="0.000000" m_d="1.112270" m_tx="-22.600000" m_ty="-43.000000"/>
   <element name="tea_seed_ground" layername="tea_seed_ground" frame="1" z_index="14" m_a="0.661469" m_b="0.000000" m_c="0.000000" m_d="0.620743" m_tx="-23.700001" m_ty="40.099998"/>
  </frame>
  <frame idx="325" w="235" h="728" x="-22.550804" y="-167.554810">
   <element name="tea_seed" layername="tea_seed" frame="2" z_index="9" m_a="1.104406" m_b="0.000000" m_c="0.000000" m_d="0.490663" m_tx="-22.544886" m_ty="18.791887"/>
   <element name="tea_seed" layername="tea_seed" frame="0" z_index="14" m_a="0.714776" m_b="0.000000" m_c="0.000000" m_d="1.248999" m_tx="-21.565201" m_ty="-56.022888"/>
   <element name="tea_seed_ground" layername="tea_seed_ground" frame="0" z_index="10" m_a="1.288398" m_b="0.000000" m_c="0.000000" m_d="0.994797" m_tx="-18.641462" m_ty="41.500000"/>
   <element name="snow" layername="snow" frame="3" z_index="10" m_a="0.656623" m_b="-0.200036" m_c="0.284413" m_d="0.933593" m_tx="-51.248528" m_ty="-359.016174"/>
   <element name="snow" layername="snow" frame="0" z_index="11" m_a="-0.500997" m_b="0.352600" m_c="-0.372979" m_d="-0.529953" m_tx="16.573530" m_ty="-244.841171"/>
   <element name="tea_tree_bush" layername="tea_tree_bush" frame="0" z_index="12" m_a="0.612928" m_b="0.000000" m_c="0.000000" m_d="1.122755" m_tx="-32.044117" m_ty="-291.430878"/>
   <element name="tea_tree_bush" layername="tea_tree_bush" frame="1" z_index="13" m_a="0.612928" m_b="0.000000" m_c="0.000000" m_d="1.122755" m_tx="-31.641176" m_ty="-175.566177"/>
   <element name="tea_tree_trunk" layername="tea_tree_trunk" frame="0" z_index="15" m_a="0.612928" m_b="0.000000" m_c="0.000000" m_d="1.122755" m_tx="-22.783823" m_ty="-43.367645"/>
   <element name="tea_seed_ground" layername="tea_seed_ground" frame="1" z_index="14" m_a="0.664341" m_b="0.000000" m_c="0.000000" m_d="0.621158" m_tx="-23.810295" m_ty="40.210293"/>
  </frame>
  <frame idx="350" w="235" h="726" x="-23.057968" y="-169.418182">
   <element name="tea_seed" layername="tea_seed" frame="2" z_index="9" m_a="1.098725" m_b="0.000000" m_c="0.000000" m_d="0.519072" m_tx="-22.533863" m_ty="17.050264"/>
   <element name="tea_seed" layername="tea_seed" frame="0" z_index="14" m_a="0.731198" m_b="0.000000" m_c="0.000000" m_d="1.234654" m_tx="-21.565201" m_ty="-56.022888"/>
   <element name="tea_seed_ground" layername="tea_seed_ground" frame="0" z_index="10" m_a="1.302455" m_b="0.000000" m_c="0.000000" m_d="0.994797" m_tx="-18.639118" m_ty="41.500000"/>
   <element name="snow" layername="snow" frame="3" z_index="10" m_a="0.661456" m_b="-0.201586" m_c="0.285190" m_d="0.935783" m_tx="-51.621212" m_ty="-359.756073"/>
   <element name="snow" layername="snow" frame="0" z_index="11" m_a="-0.503560" m_b="0.354253" m_c="-0.374007" m_d="-0.531640" m_tx="16.818182" m_ty="-245.609085"/>
   <element name="tea_tree_bush" layername="tea_tree_bush" frame="0" z_index="12" m_a="0.618264" m_b="0.000000" m_c="0.000000" m_d="1.125366" m_tx="-32.198486" m_ty="-291.954559"/>
   <element name="tea_tree_bush" layername="tea_tree_bush" frame="1" z_index="13" m_a="0.618264" m_b="0.000000" m_c="0.000000" m_d="1.125366" m_tx="-31.848484" m_ty="-176.133331"/>
   <element name="tea_tree_trunk" layername="tea_tree_trunk" frame="0" z_index="15" m_a="0.618264" m_b="0.000000" m_c="0.000000" m_d="1.125366" m_tx="-22.850000" m_ty="-43.427273"/>
   <element name="tea_seed_ground" layername="tea_seed_ground" frame="1" z_index="14" m_a="0.667905" m_b="0.000000" m_c="0.000000" m_d="0.624171" m_tx="-23.850000" m_ty="40.250000"/>
  </frame>
  <frame idx="375" w="234" h="721" x="-23.517532" y="-169.608261">
   <element name="tea_seed" layername="tea_seed" frame="2" z_index="9" m_a="1.093045" m_b="0.000000" m_c="0.000000" m_d="0.547481" m_tx="-22.522840" m_ty="15.308642"/>
   <element name="tea_seed" layername="tea_seed" frame="0" z_index="14" m_a="0.747620" m_b="0.000000" m_c="0.000000" m_d="1.220309" m_tx="-21.565201" m_ty="-56.022888"/>
   <element name="tea_seed_ground" layername="tea_seed_ground" frame="0" z_index="10" m_a="1.316513" m_b="0.000000" m_c="0.000000" m_d="0.994797" m_tx="-18.636772" m_ty="41.500000"/>
   <element name="snow" layername="snow" frame="3" z_index="10" m_a="0.668859" m_b="-0.202988" m_c="0.283412" m_d="0.933862" m_tx="-51.992424" m_ty="-357.160614"/>
   <element name="snow" layername="snow" frame="0" z_index="11" m_a="-0.506055" m_b="0.355588" m_c="-0.373490" m_d="-0.531532" m_tx="17.389393" m_ty="-244.827271"/>
   <element name="tea_tree_bush" layername="tea_tree_bush" frame="0" z_index="12" m_a="0.626939" m_b="0.000000" m_c="0.000000" m_d="1.122401" m_tx="-32.322727" m_ty="-289.531830"/>
   <element name="tea_tree_bush" layername="tea_tree_bush" frame="1" z_index="13" m_a="0.626939" m_b="0.000000" m_c="0.000000" m_d="1.122401" m_tx="-31.960606" m_ty="-175.486374"/>
   <element name="tea_tree_trunk" layername="tea_tree_trunk" frame="0" z_index="15" m_a="0.626939" m_b="0.000000" m_c="0.000000" m_d="1.122401" m_tx="-22.850000" m_ty="-43.216667"/>
   <element name="tea_seed_ground" layername="tea_seed_ground" frame="1" z_index="14" m_a="0.674396" m_b="0.000000" m_c="0.000000" m_d="0.631515" m_tx="-23.837879" m_ty="40.250000"/>
  </frame>
  <frame idx="400" w="235" h="712" x="-23.428955" y="-168.761536">
   <element name="tea_seed" layername="tea_seed" frame="2" z_index="9" m_a="1.087364" m_b="0.000000" m_c="0.000000" m_d="0.575890" m_tx="-22.511816" m_ty="13.567020"/>
   <element name="tea_seed" layername="tea_seed" frame="0" z_index="14" m_a="0.764041" m_b="0.000000" m_c="0.000000" m_d="1.205963" m_tx="-21.565201" m_ty="-56.022888"/>
   <element name="tea_seed_ground" layername="tea_seed_ground" frame="0" z_index="10" m_a="1.330570" m_b="0.000000" m_c="0.000000" m_d="0.994797" m_tx="-18.634428" m_ty="41.500000"/>
   <element name="snow" layername="snow" frame="3" z_index="10" m_a="0.683385" m_b="-0.206253" m_c="0.280910" m_d="0.930747" m_tx="-52.750000" m_ty="-352.350006"/>
   <element name="snow" layername="snow" frame="0" z_index="11" m_a="-0.511429" m_b="0.359132" m_c="-0.373435" m_d="-0.531798" m_tx="18.450001" m_ty="-243.350006"/>
   <element name="tea_tree_bush" layername="tea_tree_bush" frame="0" z_index="12" m_a="0.642822" m_b="0.000000" m_c="0.000000" m_d="1.117000" m_tx="-32.549999" m_ty="-285.100006"/>
   <element name="tea_tree_bush" layername="tea_tree_bush" frame="1" z_index="13" m_a="0.642822" m_b="0.000000" m_c="0.000000" m_d="1.117000" m_tx="-32.150002" m_ty="-174.350006"/>
   <element name="tea_tree_trunk" layername="tea_tree_trunk" frame="0" z_index="15" m_a="0.642822" m_b="0.000000" m_c="0.000000" m_d="1.117000" m_tx="-22.850000" m_ty="-42.799999"/>
   <element name="tea_seed_ground" layername="tea_seed_ground" frame="1" z_index="14" m_a="0.686279" m_b="0.000000" m_c="0.000000" m_d="0.644958" m_tx="-23.799999" m_ty="40.250000"/>
  </frame>
  <frame idx="425" w="238" h="681" x="-23.587791" y="-161.266586">
   <element name="tea_seed" layername="tea_seed" frame="2" z_index="9" m_a="1.081683" m_b="0.000000" m_c="0.000000" m_d="0.604299" m_tx="-22.500793" m_ty="11.825397"/>
   <element name="tea_seed" layername="tea_seed" frame="0" z_index="14" m_a="0.780463" m_b="0.000000" m_c="0.000000" m_d="1.191618" m_tx="-21.565201" m_ty="-56.022888"/>
   <element name="tea_seed_ground" layername="tea_seed_ground" frame="0" z_index="10" m_a="1.344627" m_b="0.000000" m_c="0.000000" m_d="0.994797" m_tx="-18.632082" m_ty="41.500000"/>
   <element name="snow" layername="snow" frame="3" z_index="10" m_a="0.805095" m_b="-0.232974" m_c="0.261209" m_d="0.902665" m_tx="-58.889706" m_ty="-332.460297"/>
   <element name="snow" layername="snow" frame="0" z_index="11" m_a="-0.558074" m_b="0.384120" m_c="-0.368521" m_d="-0.535410" m_tx="27.236765" m_ty="-229.894119"/>
   <element name="tea_tree_bush" layername="tea_tree_bush" frame="0" z_index="12" m_a="0.777694" m_b="0.000000" m_c="0.000000" m_d="1.071184" m_tx="-34.424999" m_ty="-267.967651"/>
   <element name="tea_tree_bush" layername="tea_tree_bush" frame="1" z_index="13" m_a="0.777694" m_b="0.000000" m_c="0.000000" m_d="1.071184" m_tx="-33.988235" m_ty="-163.320587"/>
   <element name="tea_tree_trunk" layername="tea_tree_trunk" frame="0" z_index="15" m_a="0.777694" m_b="0.000000" m_c="0.000000" m_d="1.071184" m_tx="-22.666178" m_ty="-39.417648"/>
   <element name="tea_seed_ground" layername="tea_seed_ground" frame="1" z_index="14" m_a="0.787189" m_b="0.000000" m_c="0.000000" m_d="0.759164" m_tx="-23.616177" m_ty="40.176472"/>
  </frame>
  <frame idx="450" w="241" h="655" x="-23.582664" y="-155.197739">
   <element name="tea_seed" layername="tea_seed" frame="2" z_index="9" m_a="1.076002" m_b="0.000000" m_c="0.000000" m_d="0.632708" m_tx="-22.489771" m_ty="10.083775"/>
   <element name="tea_seed" layername="tea_seed" frame="0" z_index="14" m_a="0.796884" m_b="0.000000" m_c="0.000000" m_d="1.177273" m_tx="-21.565201" m_ty="-56.022888"/>
   <element name="tea_seed_ground" layername="tea_seed_ground" frame="0" z_index="10" m_a="1.358684" m_b="0.000000" m_c="0.000000" m_d="0.994797" m_tx="-18.629738" m_ty="41.500000"/>
   <element name="snow" layername="snow" frame="3" z_index="10" m_a="0.907284" m_b="-0.252539" m_c="0.244786" m_d="0.879429" m_tx="-64.033333" m_ty="-315.966644"/>
   <element name="snow" layername="snow" frame="0" z_index="11" m_a="-0.597160" m_b="0.405055" m_c="-0.365091" m_d="-0.538242" m_tx="34.521214" m_ty="-218.650009"/>
   <element name="tea_tree_bush" layername="tea_tree_bush" frame="0" z_index="12" m_a="0.889776" m_b="0.000000" m_c="0.000000" m_d="1.033109" m_tx="-36.021210" m_ty="-253.751511"/>
   <element name="tea_tree_bush" layername="tea_tree_bush" frame="1" z_index="13" m_a="0.889776" m_b="0.000000" m_c="0.000000" m_d="1.033109" m_tx="-35.498486" m_ty="-154.162125"/>
   <element name="tea_tree_trunk" layername="tea_tree_trunk" frame="0" z_index="15" m_a="0.889776" m_b="0.000000" m_c="0.000000" m_d="1.033109" m_tx="-22.527273" m_ty="-36.624245"/>
   <element name="tea_seed_ground" layername="tea_seed_ground" frame="1" z_index="14" m_a="0.871051" m_b="0.000000" m_c="0.000000" m_d="0.854063" m_tx="-23.477272" m_ty="40.174244"/>
  </frame>
  <frame idx="475" w="245" h="634" x="-23.406487" y="-150.811096">
   <element name="tea_seed" layername="tea_seed" frame="2" z_index="9" m_a="1.070321" m_b="0.000000" m_c="0.000000" m_d="0.661117" m_tx="-22.478748" m_ty="8.342152"/>
   <element name="tea_seed" layername="tea_seed" frame="0" z_index="14" m_a="0.813306" m_b="0.000000" m_c="0.000000" m_d="1.162928" m_tx="-21.565201" m_ty="-56.022888"/>
   <element name="tea_seed_ground" layername="tea_seed_ground" frame="0" z_index="10" m_a="1.372742" m_b="0.000000" m_c="0.000000" m_d="0.994797" m_tx="-18.627392" m_ty="41.500000"/>
   <element name="snow" layername="snow" frame="3" z_index="10" m_a="0.986676" m_b="-0.266515" m_c="0.232668" m_d="0.861370" m_tx="-68.022728" m_ty="-303.262115"/>
   <element name="snow" layername="snow" frame="0" z_index="11" m_a="-0.627709" m_b="0.421071" m_c="-0.362576" m_d="-0.540509" m_tx="40.112122" m_ty="-209.922729"/>
   <element name="tea_tree_bush" layername="tea_tree_bush" frame="0" z_index="12" m_a="0.976336" m_b="0.000000" m_c="0.000000" m_d="1.003710" m_tx="-37.266666" m_ty="-242.787872"/>
   <element name="tea_tree_bush" layername="tea_tree_bush" frame="1" z_index="13" m_a="0.976336" m_b="0.000000" m_c="0.000000" m_d="1.003710" m_tx="-36.666668" m_ty="-147.098480"/>
   <element name="tea_tree_trunk" layername="tea_tree_trunk" frame="0" z_index="15" m_a="0.976336" m_b="0.000000" m_c="0.000000" m_d="1.003710" m_tx="-22.425758" m_ty="-34.465153"/>
   <element name="tea_seed_ground" layername="tea_seed_ground" frame="1" z_index="14" m_a="0.935815" m_b="0.000000" m_c="0.000000" m_d="0.927352" m_tx="-23.375757" m_ty="40.175758"/>
  </frame>
  <frame idx="500" w="247" h="620" x="-23.062874" y="-148.290253">
   <element name="tea_seed" layername="tea_seed" frame="2" z_index="9" m_a="1.064641" m_b="0.000000" m_c="0.000000" m_d="0.689526" m_tx="-22.467726" m_ty="6.600529"/>
   <element name="tea_seed" layername="tea_seed" frame="0" z_index="14" m_a="0.829728" m_b="0.000000" m_c="0.000000" m_d="1.148583" m_tx="-21.565201" m_ty="-56.022888"/>
   <element name="tea_seed_ground" layername="tea_seed_ground" frame="0" z_index="10" m_a="1.386799" m_b="0.000000" m_c="0.000000" m_d="0.994797" m_tx="-18.625048" m_ty="41.500000"/>
   <element name="snow" layername="snow" frame="3" z_index="10" m_a="1.041043" m_b="-0.277060" m_c="0.225820" m_d="0.848510" m_tx="-70.750000" m_ty="-294.549988"/>
   <element name="snow" layername="snow" frame="0" z_index="11" m_a="-0.649332" m_b="0.431170" m_c="-0.360221" m_d="-0.542483" m_tx="43.900002" m_ty="-203.899994"/>
   <element name="tea_tree_bush" layername="tea_tree_bush" frame="0" z_index="12" m_a="1.035900" m_b="0.000000" m_c="0.000000" m_d="0.983490" m_tx="-38.099998" m_ty="-235.250000"/>
   <element name="tea_tree_bush" layername="tea_tree_bush" frame="1" z_index="13" m_a="1.035900" m_b="0.000000" m_c="0.000000" m_d="0.983490" m_tx="-37.500000" m_ty="-142.250000"/>
   <element name="tea_tree_trunk" layername="tea_tree_trunk" frame="0" z_index="15" m_a="1.035900" m_b="0.000000" m_c="0.000000" m_d="0.983490" m_tx="-22.350000" m_ty="-32.950001"/>
   <element name="tea_seed_ground" layername="tea_seed_ground" frame="1" z_index="14" m_a="0.980377" m_b="0.000000" m_c="0.000000" m_d="0.977798" m_tx="-23.299999" m_ty="40.099998"/>
  </frame>
  <frame idx="525" w="248" h="614" x="-22.486458" y="-147.369141">
   <element name="tea_seed" layername="tea_seed" frame="2" z_index="9" m_a="1.058960" m_b="0.000000" m_c="0.000000" m_d="0.717936" m_tx="-22.456703" m_ty="4.858906"/>
   <element name="tea_seed" layername="tea_seed" frame="0" z_index="14" m_a="0.846149" m_b="0.000000" m_c="0.000000" m_d="1.134238" m_tx="-21.565201" m_ty="-56.022888"/>
   <element name="tea_seed_ground" layername="tea_seed_ground" frame="0" z_index="10" m_a="1.400856" m_b="0.000000" m_c="0.000000" m_d="0.994797" m_tx="-18.622702" m_ty="41.500000"/>
   <element name="snow" layername="snow" frame="3" z_index="10" m_a="1.059229" m_b="-0.280627" m_c="0.223836" m_d="0.844871" m_tx="-71.705887" m_ty="-291.645599"/>
   <element name="snow" layername="snow" frame="0" z_index="11" m_a="-0.656844" m_b="0.435236" m_c="-0.360177" m_d="-0.543567" m_tx="45.260296" m_ty="-201.951462"/>
   <element name="tea_tree_bush" layername="tea_tree_bush" frame="0" z_index="12" m_a="1.055179" m_b="0.000000" m_c="0.000000" m_d="0.976960" m_tx="-38.504414" m_ty="-232.823532"/>
   <element name="tea_tree_bush" layername="tea_tree_bush" frame="1" z_index="13" m_a="1.055179" m_b="0.000000" m_c="0.000000" m_d="0.976960" m_tx="-37.867645" m_ty="-140.669128"/>
   <element name="tea_tree_trunk" layername="tea_tree_trunk" frame="0" z_index="15" m_a="1.055179" m_b="0.000000" m_c="0.000000" m_d="0.976960" m_tx="-22.497059" m_ty="-32.472057"/>
   <element name="tea_seed_ground" layername="tea_seed_ground" frame="1" z_index="14" m_a="0.994806" m_b="0.000000" m_c="0.000000" m_d="0.994123" m_tx="-23.373529" m_ty="40.210293"/>
  </frame>
  <frame idx="550" w="249" h="618" x="-21.707512" y="-148.228592">
   <element name="tea_seed" layername="tea_seed" frame="2" z_index="9" m_a="1.053279" m_b="0.000000" m_c="0.000000" m_d="0.746345" m_tx="-22.445679" m_ty="3.117285"/>
   <element name="tea_seed" layername="tea_seed" frame="0" z_index="14" m_a="0.862571" m_b="0.000000" m_c="0.000000" m_d="1.119893" m_tx="-21.565201" m_ty="-56.022888"/>
   <element name="tea_seed_ground" layername="tea_seed_ground" frame="0" z_index="10" m_a="1.414913" m_b="0.000000" m_c="0.000000" m_d="0.994797" m_tx="-18.620356" m_ty="41.500000"/>
   <element name="snow" layername="snow" frame="3" z_index="10" m_a="1.057225" m_b="-0.278363" m_c="0.222731" m_d="0.845932" m_tx="-71.516670" m_ty="-293.751526"/>
   <element name="snow" layername="snow" frame="0" z_index="11" m_a="-0.655824" m_b="0.433862" m_c="-0.359558" m_d="-0.543507" m_tx="45.192425" m_ty="-203.140900"/>
   <element name="tea_tree_bush" layername="tea_tree_bush" frame="0" z_index="12" m_a="1.052908" m_b="0.000000" m_c="0.000000" m_d="0.978353" m_tx="-38.456062" m_ty="-234.810608"/>
   <element name="tea_tree_bush" layername="tea_tree_bush" frame="1" z_index="13" m_a="1.052908" m_b="0.000000" m_c="0.000000" m_d="0.978353" m_tx="-37.830303" m_ty="-141.918182"/>
   <element name="tea_tree_trunk" layername="tea_tree_trunk" frame="0" z_index="15" m_a="1.052908" m_b="0.000000" m_c="0.000000" m_d="0.978353" m_tx="-22.477272" m_ty="-32.590908"/>
   <element name="tea_seed_ground" layername="tea_seed_ground" frame="1" z_index="14" m_a="1.000000" m_b="0.000000" m_c="0.000000" m_d="1.000000" m_tx="-23.400000" m_ty="40.250000"/>
  </frame>
  <frame idx="575" w="249" h="625" x="-20.820732" y="-150.371674">
   <element name="tea_seed" layername="tea_seed" frame="2" z_index="9" m_a="1.047598" m_b="0.000000" m_c="0.000000" m_d="0.774754" m_tx="-22.434656" m_ty="1.375662"/>
   <element name="tea_seed" layername="tea_seed" frame="0" z_index="14" m_a="0.878992" m_b="0.000000" m_c="0.000000" m_d="1.105548" m_tx="-21.565201" m_ty="-56.022888"/>
   <element name="tea_seed_ground" layername="tea_seed_ground" frame="0" z_index="10" m_a="1.428970" m_b="0.000000" m_c="0.000000" m_d="0.994797" m_tx="-18.618011" m_ty="41.500000"/>
   <element name="snow" layername="snow" frame="3" z_index="10" m_a="1.044551" m_b="-0.274115" m_c="0.222899" m_d="0.849386" m_tx="-70.756058" m_ty="-298.360596"/>
   <element name="snow" layername="snow" frame="0" z_index="11" m_a="-0.650634" m_b="0.429662" m_c="-0.358660" m_d="-0.543117" m_tx="44.393940" m_ty="-205.937866"/>
   <element name="tea_tree_bush" layername="tea_tree_bush" frame="0" z_index="12" m_a="1.039355" m_b="0.000000" m_c="0.000000" m_d="0.983869" m_tx="-38.165154" m_ty="-239.050003"/>
   <element name="tea_tree_bush" layername="tea_tree_bush" frame="1" z_index="13" m_a="1.039355" m_b="0.000000" m_c="0.000000" m_d="0.983869" m_tx="-37.577274" m_ty="-144.589401"/>
   <element name="tea_tree_trunk" layername="tea_tree_trunk" frame="0" z_index="15" m_a="1.039355" m_b="0.000000" m_c="0.000000" m_d="0.983869" m_tx="-22.387878" m_ty="-33.021214"/>
   <element name="tea_seed_ground" layername="tea_seed_ground" frame="1" z_index="14" m_a="1.000000" m_b="0.000000" m_c="0.000000" m_d="1.000000" m_tx="-23.400000" m_ty="40.250000"/>
  </frame>
  <frame idx="600" w="250" h="631" x="-19.946831" y="-152.280045">
   <element name="tea_seed" layername="tea_seed" frame="2" z_index="9" m_a="1.041918" m_b="0.000000" m_c="0.000000" m_d="0.803163" m_tx="-22.423634" m_ty="-0.365959"/>
   <element name="tea_seed" layername="tea_seed" frame="0" z_index="14" m_a="0.895414" m_b="0.000000" m_c="0.000000" m_d="1.091202" m_tx="-21.565201" m_ty="-56.022888"/>
   <element name="tea_seed_ground" layername="tea_seed_ground" frame="0" z_index="10" m_a="1.443028" m_b="0.000000" m_c="0.000000" m_d="0.994797" m_tx="-18.615665" m_ty="41.500000"/>
   <element name="snow" layername="snow" frame="3" z_index="10" m_a="1.033375" m_b="-0.272501" m_c="0.224753" m_d="0.852304" m_tx="-70.150002" m_ty="-302.299988"/>
   <element name="snow" layername="snow" frame="0" z_index="11" m_a="-0.646789" m_b="0.425945" m_c="-0.357852" m_d="-0.543391" m_tx="43.750000" m_ty="-208.399994"/>
   <element name="tea_tree_bush" layername="tea_tree_bush" frame="0" z_index="12" m_a="1.027590" m_b="0.000000" m_c="0.000000" m_d="0.988678" m_tx="-37.900002" m_ty="-242.800003"/>
   <element name="tea_tree_bush" layername="tea_tree_bush" frame="1" z_index="13" m_a="1.027590" m_b="0.000000" m_c="0.000000" m_d="0.988678" m_tx="-37.349998" m_ty="-146.899994"/>
   <element name="tea_tree_trunk" layername="tea_tree_trunk" frame="0" z_index="15" m_a="1.027590" m_b="0.000000" m_c="0.000000" m_d="0.988678" m_tx="-22.350000" m_ty="-33.400002"/>
   <element name="tea_seed_ground" layername="tea_seed_ground" frame="1" z_index="14" m_a="1.000000" m_b="0.000000" m_c="0.000000" m_d="1.000000" m_tx="-23.400000" m_ty="40.250000"/>
  </frame>
  <frame idx="625" w="250" h="636" x="-19.057899" y="-153.676651">
   <element name="tea_seed" layername="tea_seed" frame="2" z_index="9" m_a="1.036237" m_b="0.000000" m_c="0.000000" m_d="0.831572" m_tx="-22.412611" m_ty="-2.107584"/>
   <element name="tea_seed" layername="tea_seed" frame="0" z_index="14" m_a="0.911835" m_b="0.000000" m_c="0.000000" m_d="1.076857" m_tx="-21.565201" m_ty="-56.022888"/>
   <element name="tea_seed_ground" layername="tea_seed_ground" frame="0" z_index="10" m_a="1.457085" m_b="0.000000" m_c="0.000000" m_d="0.994797" m_tx="-18.613321" m_ty="41.500000"/>
   <element name="snow" layername="snow" frame="3" z_index="10" m_a="1.025563" m_b="-0.269103" m_c="0.224345" m_d="0.854988" m_tx="-69.708824" m_ty="-305.351471"/>
   <element name="snow" layername="snow" frame="0" z_index="11" m_a="-0.642991" m_b="0.424533" m_c="-0.358387" m_d="-0.542809" m_tx="43.198528" m_ty="-210.238235"/>
   <element name="tea_tree_bush" layername="tea_tree_bush" frame="0" z_index="12" m_a="1.018715" m_b="0.000000" m_c="0.000000" m_d="0.992324" m_tx="-37.716179" m_ty="-245.594116"/>
   <element name="tea_tree_bush" layername="tea_tree_bush" frame="1" z_index="13" m_a="1.018715" m_b="0.000000" m_c="0.000000" m_d="0.992324" m_tx="-37.092648" m_ty="-148.627945"/>
   <element name="tea_tree_trunk" layername="tea_tree_trunk" frame="0" z_index="15" m_a="1.018715" m_b="0.000000" m_c="0.000000" m_d="0.992324" m_tx="-22.276470" m_ty="-33.694118"/>
   <element name="tea_seed_ground" layername="tea_seed_ground" frame="1" z_index="14" m_a="1.000000" m_b="0.000000" m_c="0.000000" m_d="1.000000" m_tx="-23.400000" m_ty="40.250000"/>
  </frame>
  <frame idx="650" w="251" h="640" x="-18.227058" y="-154.843750">
   <element name="tea_seed" layername="tea_seed" frame="2" z_index="9" m_a="1.030556" m_b="0.000000" m_c="0.000000" m_d="0.859981" m_tx="-22.401588" m_ty="-3.849207"/>
   <element name="tea_seed" layername="tea_seed" frame="0" z_index="14" m_a="0.928257" m_b="0.000000" m_c="0.000000" m_d="1.062512" m_tx="-21.565201" m_ty="-56.022888"/>
   <element name="tea_seed_ground" layername="tea_seed_ground" frame="0" z_index="10" m_a="1.471142" m_b="0.000000" m_c="0.000000" m_d="0.994797" m_tx="-18.610975" m_ty="41.500000"/>
   <element name="snow" layername="snow" frame="3" z_index="10" m_a="1.018892" m_b="-0.266860" m_c="0.224481" m_d="0.857088" m_tx="-69.356064" m_ty="-307.856079"/>
   <element name="snow" layername="snow" frame="0" z_index="11" m_a="-0.640410" m_b="0.422480" m_c="-0.358102" m_d="-0.542823" m_tx="42.757576" m_ty="-211.748474"/>
   <element name="tea_tree_bush" layername="tea_tree_bush" frame="0" z_index="12" m_a="1.011331" m_b="0.000000" m_c="0.000000" m_d="0.995346" m_tx="-37.553032" m_ty="-247.933334"/>
   <element name="tea_tree_bush" layername="tea_tree_bush" frame="1" z_index="13" m_a="1.011331" m_b="0.000000" m_c="0.000000" m_d="0.995346" m_tx="-36.951515" m_ty="-150.074234"/>
   <element name="tea_tree_trunk" layername="tea_tree_trunk" frame="0" z_index="15" m_a="1.011331" m_b="0.000000" m_c="0.000000" m_d="0.995346" m_tx="-22.225758" m_ty="-33.921211"/>
   <element name="tea_seed_ground" layername="tea_seed_ground" frame="1" z_index="14" m_a="1.000000" m_b="0.000000" m_c="0.000000" m_d="1.000000" m_tx="-23.400000" m_ty="40.250000"/>
  </frame>
  <frame idx="675" w="251" h="643" x="-17.422859" y="-155.749802">
   <element name="tea_seed" layername="tea_seed" frame="2" z_index="9" m_a="1.024875" m_b="0.000000" m_c="0.000000" m_d="0.888390" m_tx="-22.390564" m_ty="-5.590828"/>
   <element name="tea_seed" layername="tea_seed" frame="0" z_index="14" m_a="0.944679" m_b="0.000000" m_c="0.000000" m_d="1.048167" m_tx="-21.565201" m_ty="-56.022888"/>
   <element name="tea_seed_ground" layername="tea_seed_ground" frame="0" z_index="10" m_a="1.485199" m_b="0.000000" m_c="0.000000" m_d="0.994797" m_tx="-18.608631" m_ty="41.500000"/>
   <element name="snow" layername="snow" frame="3" z_index="10" m_a="1.013642" m_b="-0.265464" m_c="0.224868" m_d="0.858629" m_tx="-69.077271" m_ty="-309.774261"/>
   <element name="snow" layername="snow" frame="0" z_index="11" m_a="-0.638487" m_b="0.420786" m_c="-0.357788" m_d="-0.542896" m_tx="42.439392" m_ty="-212.892426"/>
   <element name="tea_tree_bush" layername="tea_tree_bush" frame="0" z_index="12" m_a="1.005627" m_b="0.000000" m_c="0.000000" m_d="0.997673" m_tx="-37.437881" m_ty="-249.737885"/>
   <element name="tea_tree_bush" layername="tea_tree_bush" frame="1" z_index="13" m_a="1.005627" m_b="0.000000" m_c="0.000000" m_d="0.997673" m_tx="-36.863636" m_ty="-151.192429"/>
   <element name="tea_tree_trunk" layername="tea_tree_trunk" frame="0" z_index="15" m_a="1.005627" m_b="0.000000" m_c="0.000000" m_d="0.997673" m_tx="-22.187880" m_ty="-34.098484"/>
   <element name="tea_seed_ground" layername="tea_seed_ground" frame="1" z_index="14" m_a="1.000000" m_b="0.000000" m_c="0.000000" m_d="1.000000" m_tx="-23.400000" m_ty="40.250000"/>
  </frame>
  <frame idx="700" w="252" h="645" x="-16.605797" y="-156.376129">
   <element name="tea_seed" layername="tea_seed" frame="2" z_index="9" m_a="1.019194" m_b="0.000000" m_c="0.000000" m_d="0.916799" m_tx="-22.379541" m_ty="-7.332451"/>
   <element name="tea_seed" layername="tea_seed" frame="0" z_index="14" m_a="0.961100" m_b="0.000000" m_c="0.000000" m_d="1.033822" m_tx="-21.565201" m_ty="-56.022888"/>
   <element name="tea_seed_ground" layername="tea_seed_ground" frame="0" z_index="10" m_a="1.499257" m_b="0.000000" m_c="0.000000" m_d="0.994797" m_tx="-18.606285" m_ty="41.500000"/>
   <element name="snow" layername="snow" frame="3" z_index="10" m_a="1.010041" m_b="-0.264503" m_c="0.225128" m_d="0.859684" m_tx="-68.849998" m_ty="-311.100006"/>
   <element name="snow" layername="snow" frame="0" z_index="11" m_a="-0.636520" m_b="0.420601" m_c="-0.358393" m_d="-0.542378" m_tx="42.250000" m_ty="-213.649994"/>
   <element name="tea_tree_bush" layername="tea_tree_bush" frame="0" z_index="12" m_a="1.001710" m_b="0.000000" m_c="0.000000" m_d="0.999268" m_tx="-37.400002" m_ty="-250.949997"/>
   <element name="tea_tree_bush" layername="tea_tree_bush" frame="1" z_index="13" m_a="1.001710" m_b="0.000000" m_c="0.000000" m_d="0.999268" m_tx="-36.750000" m_ty="-151.949997"/>
   <element name="tea_tree_trunk" layername="tea_tree_trunk" frame="0" z_index="15" m_a="1.001710" m_b="0.000000" m_c="0.000000" m_d="0.999268" m_tx="-22.150000" m_ty="-34.250000"/>
   <element name="tea_seed_ground" layername="tea_seed_ground" frame="1" z_index="14" m_a="1.000000" m_b="0.000000" m_c="0.000000" m_d="1.000000" m_tx="-23.400000" m_ty="40.250000"/>
  </frame>
  <frame idx="725" w="253" h="646" x="-15.845528" y="-156.656998">
   <element name="tea_seed" layername="tea_seed" frame="2" z_index="9" m_a="1.013514" m_b="0.000000" m_c="0.000000" m_d="0.945208" m_tx="-22.368519" m_ty="-9.074074"/>
   <element name="tea_seed" layername="tea_seed" frame="0" z_index="14" m_a="0.977522" m_b="0.000000" m_c="0.000000" m_d="1.019477" m_tx="-21.565201" m_ty="-56.022888"/>
   <element name="tea_seed_ground" layername="tea_seed_ground" frame="0" z_index="10" m_a="1.513314" m_b="0.000000" m_c="0.000000" m_d="0.994797" m_tx="-18.603941" m_ty="41.500000"/>
   <element name="snow" layername="snow" frame="3" z_index="10" m_a="1.009166" m_b="-0.265605" m_c="0.226421" m_d="0.860287" m_tx="-68.813240" m_ty="-311.577942"/>
   <element name="snow" layername="snow" frame="0" z_index="11" m_a="-0.636688" m_b="0.420888" m_c="-0.358899" m_d="-0.542916" m_tx="42.176472" m_ty="-213.980881"/>
   <element name="tea_tree_bush" layername="tea_tree_bush" frame="0" z_index="12" m_a="1.000453" m_b="0.000000" m_c="0.000000" m_d="0.999806" m_tx="-37.363235" m_ty="-251.391174"/>
   <element name="tea_tree_bush" layername="tea_tree_bush" frame="1" z_index="13" m_a="1.000453" m_b="0.000000" m_c="0.000000" m_d="0.999806" m_tx="-36.750000" m_ty="-152.280884"/>
   <element name="tea_tree_trunk" layername="tea_tree_trunk" frame="0" z_index="15" m_a="1.000453" m_b="0.000000" m_c="0.000000" m_d="0.999806" m_tx="-22.186766" m_ty="-34.360294"/>
   <element name="tea_seed_ground" layername="tea_seed_ground" frame="1" z_index="14" m_a="1.000000" m_b="0.000000" m_c="0.000000" m_d="1.000000" m_tx="-23.400000" m_ty="40.250000"/>
  </frame>
 </anim>
</Anims>
