<Anims>
 <anim name="idle" root="waterbarrel" numframes="100" framerate="40">
  <frame idx="0" w="359" h="580" x="-8.048904" y="-113.868317">
   <element name="shadows" layername="shadows" frame="0" z_index="11" m_a="1.115899" m_b="0.000000" m_c="0.000000" m_d="1.103203" m_tx="-18.917112" m_ty="34.720146"/>
   <element name="barrel" layername="barrel" frame="0" z_index="10" m_a="0.894840" m_b="0.000000" m_c="0.000000" m_d="0.894840" m_tx="-4.552938" m_ty="-120.364243"/>
   <element name="swap" layername="barrel_swap" frame="0" z_index="9" m_a="1.000000" m_b="0.000000" m_c="0.000000" m_d="0.740530" m_tx="71.255234" m_ty="-113.969543"/>
  </frame>
  <frame idx="25" w="359" h="580" x="-8.048904" y="-113.868317">
   <element name="shadows" layername="shadows" frame="0" z_index="11" m_a="1.115899" m_b="0.000000" m_c="0.000000" m_d="1.103203" m_tx="-18.917112" m_ty="34.720146"/>
   <element name="barrel" layername="barrel" frame="0" z_index="10" m_a="0.894840" m_b="0.000000" m_c="0.000000" m_d="0.894840" m_tx="-4.552938" m_ty="-120.364243"/>
   <element name="swap" layername="barrel_swap" frame="0" z_index="9" m_a="1.000000" m_b="0.000000" m_c="0.000000" m_d="0.740530" m_tx="71.255234" m_ty="-113.969543"/>
  </frame>
  <frame idx="50" w="359" h="580" x="-8.048904" y="-113.868317">
   <element name="shadows" layername="shadows" frame="0" z_index="11" m_a="1.115899" m_b="0.000000" m_c="0.000000" m_d="1.103203" m_tx="-18.917112" m_ty="34.720146"/>
   <element name="barrel" layername="barrel" frame="0" z_index="10" m_a="0.894840" m_b="0.000000" m_c="0.000000" m_d="0.894840" m_tx="-4.552938" m_ty="-120.364243"/>
   <element name="swap" layername="barrel_swap" frame="0" z_index="9" m_a="1.000000" m_b="0.000000" m_c="0.000000" m_d="0.740530" m_tx="71.255234" m_ty="-113.969543"/>
  </frame>
  <frame idx="75" w="359" h="580" x="-8.048904" y="-113.868317">
   <element name="shadows" layername="shadows" frame="0" z_index="11" m_a="1.115899" m_b="0.000000" m_c="0.000000" m_d="1.103203" m_tx="-18.917112" m_ty="34.720146"/>
   <element name="barrel" layername="barrel" frame="0" z_index="10" m_a="0.894840" m_b="0.000000" m_c="0.000000" m_d="0.894840" m_tx="-4.552938" m_ty="-120.364243"/>
   <element name="swap" layername="barrel_swap" frame="0" z_index="9" m_a="1.000000" m_b="0.000000" m_c="0.000000" m_d="0.740530" m_tx="71.255234" m_ty="-113.969543"/>
  </frame>
 </anim>
 <anim name="burnt" root="waterbarrel" numframes="100" framerate="40">
  <frame idx="0" w="359" h="580" x="-8.048981" y="-113.868317">
   <element name="shadows" layername="shadows" frame="0" z_index="11" m_a="1.115899" m_b="0.000000" m_c="0.000000" m_d="1.103203" m_tx="-18.917246" m_ty="34.720119"/>
   <element name="barrel" layername="barrel" frame="1" z_index="10" m_a="0.894840" m_b="0.000000" m_c="0.000000" m_d="0.894840" m_tx="-4.552940" m_ty="-120.364243"/>
  </frame>
  <frame idx="25" w="359" h="580" x="-8.048981" y="-113.868317">
   <element name="shadows" layername="shadows" frame="0" z_index="11" m_a="1.115899" m_b="0.000000" m_c="0.000000" m_d="1.103203" m_tx="-18.917246" m_ty="34.720119"/>
   <element name="barrel" layername="barrel" frame="1" z_index="10" m_a="0.894840" m_b="0.000000" m_c="0.000000" m_d="0.894840" m_tx="-4.552940" m_ty="-120.364243"/>
  </frame>
  <frame idx="50" w="359" h="580" x="-8.048981" y="-113.868317">
   <element name="shadows" layername="shadows" frame="0" z_index="11" m_a="1.115899" m_b="0.000000" m_c="0.000000" m_d="1.103203" m_tx="-18.917246" m_ty="34.720119"/>
   <element name="barrel" layername="barrel" frame="1" z_index="10" m_a="0.894840" m_b="0.000000" m_c="0.000000" m_d="0.894840" m_tx="-4.552940" m_ty="-120.364243"/>
  </frame>
  <frame idx="75" w="359" h="580" x="-8.048981" y="-113.868317">
   <element name="shadows" layername="shadows" frame="0" z_index="11" m_a="1.115899" m_b="0.000000" m_c="0.000000" m_d="1.103203" m_tx="-18.917246" m_ty="34.720119"/>
   <element name="barrel" layername="barrel" frame="1" z_index="10" m_a="0.894840" m_b="0.000000" m_c="0.000000" m_d="0.894840" m_tx="-4.552940" m_ty="-120.364243"/>
  </frame>
 </anim>
 <anim name="hit_idle" root="waterbarrel" numframes="300" framerate="40">
  <frame idx="0" w="359" h="580" x="-8.048904" y="-113.868317">
   <element name="shadows" layername="shadows" frame="0" z_index="11" m_a="1.115899" m_b="0.000000" m_c="0.000000" m_d="1.103203" m_tx="-18.917112" m_ty="34.720146"/>
   <element name="barrel" layername="barrel" frame="0" z_index="10" m_a="0.894840" m_b="0.000000" m_c="0.000000" m_d="0.894840" m_tx="-4.552938" m_ty="-120.364243"/>
   <element name="swap" layername="barrel_swap" frame="0" z_index="9" m_a="1.000000" m_b="0.000000" m_c="0.000000" m_d="0.740530" m_tx="71.255234" m_ty="-113.969543"/>
  </frame>
  <frame idx="25" w="370" h="598" x="-11.390884" y="-119.084229">
   <element name="shadows" layername="shadows" frame="0" z_index="11" m_a="1.115899" m_b="0.000000" m_c="0.000000" m_d="1.103203" m_tx="-18.917112" m_ty="34.720146"/>
   <element name="barrel" layername="barrel" frame="0" z_index="10" m_a="0.894298" m_b="-0.031139" m_c="0.031139" m_d="0.894298" m_tx="-11.236876" m_ty="-120.707077"/>
   <element name="swap" layername="barrel_swap" frame="0" z_index="9" m_a="0.999428" m_b="-0.033806" m_c="0.025034" m_d="0.740107" m_tx="64.755234" m_ty="-116.469543"/>
  </frame>
  <frame idx="50" w="381" h="614" x="-14.728241" y="-124.186493">
   <element name="shadows" layername="shadows" frame="0" z_index="11" m_a="1.115899" m_b="0.000000" m_c="0.000000" m_d="1.103203" m_tx="-18.917112" m_ty="34.720146"/>
   <element name="barrel" layername="barrel" frame="0" z_index="10" m_a="0.892673" m_b="-0.062240" m_c="0.062240" m_d="0.892673" m_tx="-17.911596" m_ty="-120.834793"/>
   <element name="swap" layername="barrel_swap" frame="0" z_index="9" m_a="0.997714" m_b="-0.067573" m_c="0.050040" m_d="0.738837" m_tx="58.255230" m_ty="-118.969543"/>
  </frame>
  <frame idx="75" w="368" h="581" x="-10.998169" y="-114.099731">
   <element name="shadows" layername="shadows" frame="0" z_index="11" m_a="1.115899" m_b="0.000000" m_c="0.000000" m_d="1.103203" m_tx="-18.917112" m_ty="34.720146"/>
   <element name="barrel" layername="barrel" frame="0" z_index="10" m_a="0.894438" m_b="0.026811" m_c="-0.026811" m_d="0.894438" m_tx="0.272811" m_ty="-120.827103"/>
   <element name="swap" layername="barrel_swap" frame="0" z_index="9" m_a="0.999259" m_b="0.038493" m_c="-0.028506" m_d="0.739981" m_tx="76.955231" m_ty="-110.369537"/>
  </frame>
  <frame idx="100" w="396" h="578" x="-19.682327" y="-113.215668">
   <element name="shadows" layername="shadows" frame="0" z_index="11" m_a="1.115899" m_b="0.000000" m_c="0.000000" m_d="1.103203" m_tx="-18.917112" m_ty="34.720146"/>
   <element name="barrel" layername="barrel" frame="0" z_index="10" m_a="0.887342" m_b="0.115596" m_c="-0.115596" m_d="0.887342" m_tx="18.418491" m_ty="-119.058945"/>
   <element name="swap" layername="barrel_swap" frame="0" z_index="9" m_a="0.989559" m_b="0.144127" m_c="-0.106730" m_d="0.732798" m_tx="95.655228" m_ty="-101.769539"/>
  </frame>
  <frame idx="125" w="368" h="580" x="-10.748199" y="-113.849731">
   <element name="shadows" layername="shadows" frame="0" z_index="11" m_a="1.115899" m_b="0.000000" m_c="0.000000" m_d="1.103203" m_tx="-18.917112" m_ty="34.720146"/>
   <element name="barrel" layername="barrel" frame="0" z_index="10" m_a="0.894438" m_b="0.026811" m_c="-0.026811" m_d="0.894438" m_tx="0.772865" m_ty="-120.327103"/>
   <element name="swap" layername="barrel_swap" frame="0" z_index="9" m_a="0.999259" m_b="0.038493" m_c="-0.028506" m_d="0.739981" m_tx="76.955231" m_ty="-110.369537"/>
  </frame>
  <frame idx="150" w="379" h="613" x="-14.228241" y="-123.686493">
   <element name="shadows" layername="shadows" frame="0" z_index="11" m_a="1.115899" m_b="0.000000" m_c="0.000000" m_d="1.103203" m_tx="-18.917112" m_ty="34.720146"/>
   <element name="barrel" layername="barrel" frame="0" z_index="10" m_a="0.892673" m_b="-0.062240" m_c="0.062240" m_d="0.892673" m_tx="-16.911596" m_ty="-119.834793"/>
   <element name="swap" layername="barrel_swap" frame="0" z_index="9" m_a="0.997714" m_b="-0.067573" m_c="0.050040" m_d="0.738837" m_tx="58.255230" m_ty="-118.969543"/>
  </frame>
  <frame idx="175" w="368" h="580" x="-10.748169" y="-113.849731">
   <element name="shadows" layername="shadows" frame="0" z_index="11" m_a="1.115899" m_b="0.000000" m_c="0.000000" m_d="1.103203" m_tx="-18.917112" m_ty="34.720146"/>
   <element name="barrel" layername="barrel" frame="0" z_index="10" m_a="0.894438" m_b="0.026811" m_c="-0.026811" m_d="0.894438" m_tx="0.772811" m_ty="-120.327103"/>
   <element name="swap" layername="barrel_swap" frame="0" z_index="9" m_a="0.999259" m_b="0.038493" m_c="-0.028506" m_d="0.739981" m_tx="76.955231" m_ty="-110.369537"/>
  </frame>
  <frame idx="200" w="396" h="578" x="-19.682327" y="-113.215668">
   <element name="shadows" layername="shadows" frame="0" z_index="11" m_a="1.115899" m_b="0.000000" m_c="0.000000" m_d="1.103203" m_tx="-18.917112" m_ty="34.720146"/>
   <element name="barrel" layername="barrel" frame="0" z_index="10" m_a="0.887342" m_b="0.115596" m_c="-0.115596" m_d="0.887342" m_tx="18.418491" m_ty="-119.058945"/>
   <element name="swap" layername="barrel_swap" frame="0" z_index="9" m_a="0.989559" m_b="0.144127" m_c="-0.106730" m_d="0.732798" m_tx="95.655228" m_ty="-101.769539"/>
  </frame>
  <frame idx="225" w="368" h="580" x="-10.748199" y="-113.849731">
   <element name="shadows" layername="shadows" frame="0" z_index="11" m_a="1.115899" m_b="0.000000" m_c="0.000000" m_d="1.103203" m_tx="-18.917112" m_ty="34.720146"/>
   <element name="barrel" layername="barrel" frame="0" z_index="10" m_a="0.894438" m_b="0.026811" m_c="-0.026811" m_d="0.894438" m_tx="0.772865" m_ty="-120.327103"/>
   <element name="swap" layername="barrel_swap" frame="0" z_index="9" m_a="0.999259" m_b="0.038493" m_c="-0.028506" m_d="0.739981" m_tx="76.955231" m_ty="-110.369537"/>
  </frame>
  <frame idx="250" w="379" h="613" x="-14.228241" y="-123.686493">
   <element name="shadows" layername="shadows" frame="0" z_index="11" m_a="1.115899" m_b="0.000000" m_c="0.000000" m_d="1.103203" m_tx="-18.917112" m_ty="34.720146"/>
   <element name="barrel" layername="barrel" frame="0" z_index="10" m_a="0.892673" m_b="-0.062240" m_c="0.062240" m_d="0.892673" m_tx="-16.911596" m_ty="-119.834793"/>
   <element name="swap" layername="barrel_swap" frame="0" z_index="9" m_a="0.997714" m_b="-0.067573" m_c="0.050040" m_d="0.738837" m_tx="58.255230" m_ty="-118.969543"/>
  </frame>
  <frame idx="275" w="369" h="597" x="-11.140884" y="-118.834229">
   <element name="shadows" layername="shadows" frame="0" z_index="11" m_a="1.115899" m_b="0.000000" m_c="0.000000" m_d="1.103203" m_tx="-18.917112" m_ty="34.720146"/>
   <element name="barrel" layername="barrel" frame="0" z_index="10" m_a="0.894298" m_b="-0.031139" m_c="0.031139" m_d="0.894298" m_tx="-10.736876" m_ty="-120.207077"/>
   <element name="swap" layername="barrel_swap" frame="0" z_index="9" m_a="0.999428" m_b="-0.033806" m_c="0.025034" m_d="0.740107" m_tx="64.755234" m_ty="-116.469543"/>
  </frame>
 </anim>
 <anim name="place" root="waterbarrel" numframes="600" framerate="40">
  <frame idx="0" w="2" h="0" x="0.000000" y="0.000000"/>
  <frame idx="25" w="2" h="0" x="0.000000" y="0.000000"/>
  <frame idx="50" w="344" h="1348" x="-21.406906" y="-866.669922">
   <element name="barrel" layername="barrel" frame="0" z_index="11" m_a="0.894840" m_b="0.000000" m_c="0.000000" m_d="0.894840" m_tx="-4.370989" m_ty="-845.638000"/>
   <element name="swap" layername="barrel_swap" frame="0" z_index="10" m_a="1.000000" m_b="0.000000" m_c="0.000000" m_d="0.740530" m_tx="71.057663" m_ty="-837.571350"/>
  </frame>
  <frame idx="75" w="344" h="1348" x="-21.406906" y="-866.669922">
   <element name="barrel" layername="barrel" frame="0" z_index="11" m_a="0.894840" m_b="0.000000" m_c="0.000000" m_d="0.894840" m_tx="-4.370989" m_ty="-845.638000"/>
   <element name="swap" layername="barrel_swap" frame="0" z_index="10" m_a="1.000000" m_b="0.000000" m_c="0.000000" m_d="0.740530" m_tx="71.057663" m_ty="-837.571350"/>
  </frame>
  <frame idx="100" w="346" h="1344" x="-19.644608" y="-859.961060">
   <element name="barrel" layername="barrel" frame="0" z_index="11" m_a="0.894796" m_b="-0.008847" m_c="0.008847" m_d="0.894796" m_tx="-4.370989" m_ty="-837.487000"/>
   <element name="swap" layername="barrel_swap" frame="0" z_index="10" m_a="0.999951" m_b="-0.009878" m_c="0.007315" m_d="0.740494" m_tx="71.057663" m_ty="-830.571350"/>
  </frame>
  <frame idx="125" w="368" h="1280" x="1.119583" y="-769.080444">
   <element name="barrel" layername="barrel" frame="0" z_index="11" m_a="0.886882" m_b="-0.119079" m_c="0.119079" m_d="0.886882" m_tx="-4.370989" m_ty="-727.166016"/>
   <element name="swap" layername="barrel_swap" frame="0" z_index="10" m_a="0.991107" m_b="-0.133069" m_c="0.098542" m_d="0.733944" m_tx="71.057663" m_ty="-730.888977"/>
  </frame>
  <frame idx="150" w="387" h="1209" x="17.656830" y="-680.540771">
   <element name="barrel" layername="barrel" frame="0" z_index="11" m_a="0.868144" m_b="-0.216942" m_c="0.216942" m_d="0.868144" m_tx="-4.370989" m_ty="-619.025024"/>
   <element name="swap" layername="barrel_swap" frame="0" z_index="10" m_a="0.970169" m_b="-0.242430" m_c="0.179527" m_d="0.718439" m_tx="71.057663" m_ty="-632.458679"/>
  </frame>
  <frame idx="175" w="356" h="1051" x="-10.240173" y="-578.893799">
   <element name="barrel" layername="barrel" frame="0" z_index="11" m_a="0.893002" m_b="-0.057322" m_c="0.057322" m_d="0.893002" m_tx="-4.370989" m_ty="-548.208008"/>
   <element name="swap" layername="barrel_swap" frame="0" z_index="10" m_a="0.997946" m_b="-0.064062" m_c="0.047440" m_d="0.739009" m_tx="71.057663" m_ty="-546.793335"/>
  </frame>
  <frame idx="200" w="411" h="961" x="-43.226273" y="-482.765381">
   <element name="barrel" layername="barrel" frame="0" z_index="11" m_a="0.888756" m_b="0.104169" m_c="-0.104169" m_d="0.888756" m_tx="-4.370989" m_ty="-477.391998"/>
   <element name="swap" layername="barrel_swap" frame="0" z_index="10" m_a="0.993201" m_b="0.116411" m_c="-0.086206" m_d="0.735495" m_tx="71.057663" m_ty="-461.820496"/>
  </frame>
  <frame idx="225" w="510" h="904" x="-80.222748" y="-392.980530">
   <element name="barrel" layername="barrel" frame="0" z_index="11" m_a="0.855548" m_b="0.262253" m_c="-0.262253" m_d="0.855548" m_tx="-4.370989" m_ty="-406.575012"/>
   <element name="swap" layername="barrel_swap" frame="0" z_index="10" m_a="0.956090" m_b="0.293072" m_c="-0.217029" m_d="0.708014" m_tx="67.057663" m_ty="-378.206757"/>
  </frame>
  <frame idx="250" w="469" h="810" x="-64.291718" y="-322.560303">
   <element name="barrel" layername="barrel" frame="0" z_index="11" m_a="0.872954" m_b="0.196697" m_c="-0.196697" m_d="0.872954" m_tx="-4.370989" m_ty="-329.015991"/>
   <element name="swap" layername="barrel_swap" frame="0" z_index="10" m_a="0.975542" m_b="0.219812" m_c="-0.162777" m_d="0.722418" m_tx="70.057663" m_ty="-305.707397"/>
  </frame>
  <frame idx="275" w="407" h="710" x="-42.086990" y="-256.635925">
   <element name="barrel" layername="barrel" frame="0" z_index="11" m_a="0.889352" m_b="0.098955" m_c="-0.098955" m_d="0.889352" m_tx="-4.370989" m_ty="-250.537003"/>
   <element name="swap" layername="barrel_swap" frame="0" z_index="10" m_a="0.993867" m_b="0.110584" m_c="-0.081891" m_d="0.735988" m_tx="71.057663" m_ty="-235.544205"/>
  </frame>
  <frame idx="300" w="359" h="580" x="-7.594849" y="-113.868195">
   <element name="barrel" layername="barrel" frame="0" z_index="10" m_a="0.894840" m_b="0.000000" m_c="0.000000" m_d="0.894840" m_tx="-4.370989" m_ty="-120.364212"/>
   <element name="shadows" layername="shadows" frame="0" z_index="11" m_a="1.115895" m_b="0.000000" m_c="0.000000" m_d="1.103205" m_tx="-18.189840" m_ty="34.720150"/>
   <element name="swap" layername="barrel_swap" frame="0" z_index="9" m_a="1.000000" m_b="0.000000" m_c="0.000000" m_d="0.740530" m_tx="71.057663" m_ty="-114.381004"/>
  </frame>
  <frame idx="325" w="359" h="598" x="-7.594849" y="-119.113220">
   <element name="barrel" layername="barrel" frame="0" z_index="10" m_a="0.894254" m_b="-0.032377" m_c="0.032377" m_d="0.894254" m_tx="-4.370989" m_ty="-120.364212"/>
   <element name="shadows" layername="shadows" frame="0" z_index="11" m_a="1.115895" m_b="0.000000" m_c="0.000000" m_d="1.103205" m_tx="-18.189840" m_ty="34.720150"/>
   <element name="swap" layername="barrel_swap" frame="0" z_index="9" m_a="0.999345" m_b="-0.036190" m_c="0.026800" m_d="0.740045" m_tx="71.057663" m_ty="-114.380997"/>
  </frame>
  <frame idx="350" w="359" h="602" x="-7.594849" y="-120.348206">
   <element name="barrel" layername="barrel" frame="0" z_index="10" m_a="0.893946" m_b="-0.040000" m_c="0.040000" m_d="0.893946" m_tx="-4.370989" m_ty="-120.364212"/>
   <element name="shadows" layername="shadows" frame="0" z_index="11" m_a="1.115895" m_b="0.000000" m_c="0.000000" m_d="1.103205" m_tx="-18.189840" m_ty="34.720150"/>
   <element name="swap" layername="barrel_swap" frame="0" z_index="9" m_a="0.999000" m_b="-0.044708" m_c="0.033108" m_d="0.739790" m_tx="71.057663" m_ty="-114.380997"/>
  </frame>
  <frame idx="375" w="389" h="580" x="-16.779938" y="-113.868195">
   <element name="barrel" layername="barrel" frame="0" z_index="10" m_a="0.893661" m_b="0.045925" m_c="-0.045925" m_d="0.893661" m_tx="-4.370989" m_ty="-120.364212"/>
   <element name="shadows" layername="shadows" frame="0" z_index="11" m_a="1.115895" m_b="0.000000" m_c="0.000000" m_d="1.103205" m_tx="-18.189840" m_ty="34.720150"/>
   <element name="swap" layername="barrel_swap" frame="0" z_index="9" m_a="0.998681" m_b="0.051339" m_c="-0.038018" m_d="0.739554" m_tx="71.057663" m_ty="-108.620995"/>
  </frame>
  <frame idx="400" w="438" h="580" x="-31.661163" y="-113.868195">
   <element name="barrel" layername="barrel" frame="0" z_index="10" m_a="0.886712" m_b="0.120332" m_c="-0.120332" m_d="0.886712" m_tx="-4.370989" m_ty="-120.364212"/>
   <element name="shadows" layername="shadows" frame="0" z_index="11" m_a="1.115895" m_b="0.000000" m_c="0.000000" m_d="1.103205" m_tx="-18.189840" m_ty="34.720150"/>
   <element name="swap" layername="barrel_swap" frame="0" z_index="9" m_a="0.990917" m_b="0.134474" m_c="-0.099582" m_d="0.733804" m_tx="69.137665" m_ty="-104.541000"/>
  </frame>
  <frame idx="425" w="372" h="580" x="-11.789246" y="-113.868195">
   <element name="barrel" layername="barrel" frame="0" z_index="10" m_a="0.894594" m_b="0.020972" m_c="-0.020972" m_d="0.894594" m_tx="-4.370989" m_ty="-120.364212"/>
   <element name="shadows" layername="shadows" frame="0" z_index="11" m_a="1.115895" m_b="0.000000" m_c="0.000000" m_d="1.103205" m_tx="-18.189840" m_ty="34.720150"/>
   <element name="swap" layername="barrel_swap" frame="0" z_index="9" m_a="0.999859" m_b="-0.016820" m_c="0.012456" m_d="0.740425" m_tx="70.977661" m_ty="-113.980995"/>
  </frame>
  <frame idx="450" w="361" h="626" x="-4.901627" y="-127.779388">
   <element name="barrel" layername="barrel" frame="0" z_index="10" m_a="0.890710" m_b="-0.085872" m_c="0.085872" m_d="0.890710" m_tx="-4.370989" m_ty="-120.364212"/>
   <element name="shadows" layername="shadows" frame="0" z_index="11" m_a="1.115895" m_b="0.000000" m_c="0.000000" m_d="1.103205" m_tx="-18.189840" m_ty="34.720150"/>
   <element name="swap" layername="barrel_swap" frame="0" z_index="9" m_a="0.995222" m_b="-0.097637" m_c="0.072303" m_d="0.736992" m_tx="70.097664" m_ty="-120.140999"/>
  </frame>
  <frame idx="475" w="359" h="585" x="-7.594849" y="-115.145477">
   <element name="barrel" layername="barrel" frame="0" z_index="10" m_a="0.894805" m_b="-0.007884" m_c="0.007884" m_d="0.894805" m_tx="-4.370989" m_ty="-120.364212"/>
   <element name="shadows" layername="shadows" frame="0" z_index="11" m_a="1.115895" m_b="0.000000" m_c="0.000000" m_d="1.103205" m_tx="-18.189840" m_ty="34.720150"/>
   <element name="swap" layername="barrel_swap" frame="0" z_index="9" m_a="0.999795" m_b="-0.020244" m_c="0.014991" m_d="0.740378" m_tx="70.057663" m_ty="-114.620995"/>
  </frame>
  <frame idx="500" w="404" h="580" x="-21.291626" y="-113.868195">
   <element name="barrel" layername="barrel" frame="0" z_index="10" m_a="0.892216" m_b="0.068484" m_c="-0.068484" m_d="0.892216" m_tx="-4.370989" m_ty="-120.364212"/>
   <element name="shadows" layername="shadows" frame="0" z_index="11" m_a="1.115895" m_b="0.000000" m_c="0.000000" m_d="1.103205" m_tx="-18.189840" m_ty="34.720150"/>
   <element name="swap" layername="barrel_swap" frame="0" z_index="9" m_a="0.997103" m_b="0.076057" m_c="-0.056322" m_d="0.738385" m_tx="70.057663" m_ty="-108.620995"/>
  </frame>
  <frame idx="525" w="383" h="580" x="-14.897430" y="-113.868195">
   <element name="barrel" layername="barrel" frame="0" z_index="10" m_a="0.894095" m_b="0.036513" m_c="-0.036513" m_d="0.894095" m_tx="-4.370989" m_ty="-120.364212"/>
   <element name="shadows" layername="shadows" frame="0" z_index="11" m_a="1.115895" m_b="0.000000" m_c="0.000000" m_d="1.103205" m_tx="-18.189840" m_ty="34.720150"/>
   <element name="swap" layername="barrel_swap" frame="0" z_index="9" m_a="0.999167" m_b="0.040804" m_c="-0.030216" m_d="0.739913" m_tx="70.057663" m_ty="-108.380997"/>
  </frame>
  <frame idx="550" w="359" h="580" x="-7.875336" y="-113.868195">
   <element name="barrel" layername="barrel" frame="0" z_index="10" m_a="0.894839" m_b="0.001402" m_c="-0.001402" m_d="0.894839" m_tx="-4.370989" m_ty="-120.364212"/>
   <element name="shadows" layername="shadows" frame="0" z_index="11" m_a="1.115895" m_b="0.000000" m_c="0.000000" m_d="1.103205" m_tx="-18.189840" m_ty="34.720150"/>
   <element name="swap" layername="barrel_swap" frame="0" z_index="9" m_a="0.999985" m_b="-0.005433" m_c="0.004023" m_d="0.740519" m_tx="71.017662" m_ty="-114.140999"/>
  </frame>
  <frame idx="575" w="359" h="580" x="-7.594849" y="-113.868195">
   <element name="barrel" layername="barrel" frame="0" z_index="10" m_a="0.894840" m_b="0.000000" m_c="0.000000" m_d="0.894840" m_tx="-4.370989" m_ty="-120.364212"/>
   <element name="shadows" layername="shadows" frame="0" z_index="11" m_a="1.115895" m_b="0.000000" m_c="0.000000" m_d="1.103205" m_tx="-18.189840" m_ty="34.720150"/>
   <element name="swap" layername="barrel_swap" frame="0" z_index="9" m_a="0.999991" m_b="-0.004222" m_c="0.003126" m_d="0.740523" m_tx="71.057663" m_ty="-114.380997"/>
  </frame>
 </anim>
</Anims>
