<Anims>
 <anim name="empty" root="buckets" numframes="300" framerate="40">
  <frame idx="0" w="218" h="253" x="-66.000000" y="-98.000000">
   <element name="buckets" layername="buckets" frame="0" z_index="5" m_a="0.500000" m_b="0.000000" m_c="0.000000" m_d="0.500000" m_tx="0.000000" m_ty="-32.000000"/>
  </frame>
  <frame idx="25" w="218" h="253" x="-66.000000" y="-98.000000">
   <element name="buckets" layername="buckets" frame="0" z_index="5" m_a="0.500000" m_b="0.000000" m_c="0.000000" m_d="0.500000" m_tx="0.000000" m_ty="-32.000000"/>
  </frame>
  <frame idx="50" w="218" h="253" x="-66.000000" y="-98.000000">
   <element name="buckets" layername="buckets" frame="0" z_index="5" m_a="0.500000" m_b="0.000000" m_c="0.000000" m_d="0.500000" m_tx="0.000000" m_ty="-32.000000"/>
  </frame>
  <frame idx="75" w="218" h="253" x="-66.000000" y="-98.000000">
   <element name="buckets" layername="buckets" frame="0" z_index="5" m_a="0.500000" m_b="0.000000" m_c="0.000000" m_d="0.500000" m_tx="0.000000" m_ty="-32.000000"/>
  </frame>
  <frame idx="100" w="218" h="253" x="-66.000000" y="-98.000000">
   <element name="buckets" layername="buckets" frame="0" z_index="5" m_a="0.500000" m_b="0.000000" m_c="0.000000" m_d="0.500000" m_tx="0.000000" m_ty="-32.000000"/>
  </frame>
  <frame idx="125" w="218" h="253" x="-66.000000" y="-98.000000">
   <element name="buckets" layername="buckets" frame="0" z_index="5" m_a="0.500000" m_b="0.000000" m_c="0.000000" m_d="0.500000" m_tx="0.000000" m_ty="-32.000000"/>
  </frame>
  <frame idx="150" w="218" h="253" x="-66.000000" y="-98.000000">
   <element name="buckets" layername="buckets" frame="0" z_index="5" m_a="0.500000" m_b="0.000000" m_c="0.000000" m_d="0.500000" m_tx="0.000000" m_ty="-32.000000"/>
  </frame>
  <frame idx="175" w="218" h="253" x="-66.000000" y="-98.000000">
   <element name="buckets" layername="buckets" frame="0" z_index="5" m_a="0.500000" m_b="0.000000" m_c="0.000000" m_d="0.500000" m_tx="0.000000" m_ty="-32.000000"/>
  </frame>
  <frame idx="200" w="218" h="253" x="-66.000000" y="-98.000000">
   <element name="buckets" layername="buckets" frame="0" z_index="5" m_a="0.500000" m_b="0.000000" m_c="0.000000" m_d="0.500000" m_tx="0.000000" m_ty="-32.000000"/>
  </frame>
  <frame idx="225" w="218" h="253" x="-66.000000" y="-98.000000">
   <element name="buckets" layername="buckets" frame="0" z_index="5" m_a="0.500000" m_b="0.000000" m_c="0.000000" m_d="0.500000" m_tx="0.000000" m_ty="-32.000000"/>
  </frame>
  <frame idx="250" w="218" h="253" x="-66.000000" y="-98.000000">
   <element name="buckets" layername="buckets" frame="0" z_index="5" m_a="0.500000" m_b="0.000000" m_c="0.000000" m_d="0.500000" m_tx="0.000000" m_ty="-32.000000"/>
  </frame>
  <frame idx="275" w="218" h="253" x="-66.000000" y="-98.000000">
   <element name="buckets" layername="buckets" frame="0" z_index="5" m_a="0.500000" m_b="0.000000" m_c="0.000000" m_d="0.500000" m_tx="0.000000" m_ty="-32.000000"/>
  </frame>
 </anim>
 <anim name="dirty" root="buckets" numframes="300" framerate="40">
  <frame idx="0" w="218" h="253" x="-66.000000" y="-98.000000">
   <element name="buckets" layername="buckets" frame="1" z_index="5" m_a="0.500000" m_b="0.000000" m_c="0.000000" m_d="0.500000" m_tx="0.000000" m_ty="-32.000000"/>
  </frame>
  <frame idx="25" w="218" h="253" x="-66.000000" y="-98.000000">
   <element name="buckets" layername="buckets" frame="1" z_index="5" m_a="0.500000" m_b="0.000000" m_c="0.000000" m_d="0.500000" m_tx="0.000000" m_ty="-32.000000"/>
  </frame>
  <frame idx="50" w="218" h="253" x="-66.000000" y="-98.000000">
   <element name="buckets" layername="buckets" frame="1" z_index="5" m_a="0.500000" m_b="0.000000" m_c="0.000000" m_d="0.500000" m_tx="0.000000" m_ty="-32.000000"/>
  </frame>
  <frame idx="75" w="218" h="253" x="-66.000000" y="-98.000000">
   <element name="buckets" layername="buckets" frame="1" z_index="5" m_a="0.500000" m_b="0.000000" m_c="0.000000" m_d="0.500000" m_tx="0.000000" m_ty="-32.000000"/>
  </frame>
  <frame idx="100" w="218" h="253" x="-66.000000" y="-98.000000">
   <element name="buckets" layername="buckets" frame="1" z_index="5" m_a="0.500000" m_b="0.000000" m_c="0.000000" m_d="0.500000" m_tx="0.000000" m_ty="-32.000000"/>
  </frame>
  <frame idx="125" w="218" h="253" x="-66.000000" y="-98.000000">
   <element name="buckets" layername="buckets" frame="1" z_index="5" m_a="0.500000" m_b="0.000000" m_c="0.000000" m_d="0.500000" m_tx="0.000000" m_ty="-32.000000"/>
  </frame>
  <frame idx="150" w="218" h="253" x="-66.000000" y="-98.000000">
   <element name="buckets" layername="buckets" frame="1" z_index="5" m_a="0.500000" m_b="0.000000" m_c="0.000000" m_d="0.500000" m_tx="0.000000" m_ty="-32.000000"/>
  </frame>
  <frame idx="175" w="218" h="253" x="-66.000000" y="-98.000000">
   <element name="buckets" layername="buckets" frame="1" z_index="5" m_a="0.500000" m_b="0.000000" m_c="0.000000" m_d="0.500000" m_tx="0.000000" m_ty="-32.000000"/>
  </frame>
  <frame idx="200" w="218" h="253" x="-66.000000" y="-98.000000">
   <element name="buckets" layername="buckets" frame="1" z_index="5" m_a="0.500000" m_b="0.000000" m_c="0.000000" m_d="0.500000" m_tx="0.000000" m_ty="-32.000000"/>
  </frame>
  <frame idx="225" w="218" h="253" x="-66.000000" y="-98.000000">
   <element name="buckets" layername="buckets" frame="1" z_index="5" m_a="0.500000" m_b="0.000000" m_c="0.000000" m_d="0.500000" m_tx="0.000000" m_ty="-32.000000"/>
  </frame>
  <frame idx="250" w="218" h="253" x="-66.000000" y="-98.000000">
   <element name="buckets" layername="buckets" frame="1" z_index="5" m_a="0.500000" m_b="0.000000" m_c="0.000000" m_d="0.500000" m_tx="0.000000" m_ty="-32.000000"/>
  </frame>
  <frame idx="275" w="218" h="253" x="-66.000000" y="-98.000000">
   <element name="buckets" layername="buckets" frame="1" z_index="5" m_a="0.500000" m_b="0.000000" m_c="0.000000" m_d="0.500000" m_tx="0.000000" m_ty="-32.000000"/>
  </frame>
 </anim>
 <anim name="full" root="buckets" numframes="300" framerate="40">
  <frame idx="0" w="218" h="253" x="-66.000000" y="-98.000000">
   <element name="buckets" layername="buckets" frame="2" z_index="5" m_a="0.500000" m_b="0.000000" m_c="0.000000" m_d="0.500000" m_tx="0.000000" m_ty="-32.000000"/>
  </frame>
  <frame idx="25" w="218" h="253" x="-66.000000" y="-98.000000">
   <element name="buckets" layername="buckets" frame="2" z_index="5" m_a="0.500000" m_b="0.000000" m_c="0.000000" m_d="0.500000" m_tx="0.000000" m_ty="-32.000000"/>
  </frame>
  <frame idx="50" w="218" h="253" x="-66.000000" y="-98.000000">
   <element name="buckets" layername="buckets" frame="2" z_index="5" m_a="0.500000" m_b="0.000000" m_c="0.000000" m_d="0.500000" m_tx="0.000000" m_ty="-32.000000"/>
  </frame>
  <frame idx="75" w="218" h="253" x="-66.000000" y="-98.000000">
   <element name="buckets" layername="buckets" frame="2" z_index="5" m_a="0.500000" m_b="0.000000" m_c="0.000000" m_d="0.500000" m_tx="0.000000" m_ty="-32.000000"/>
  </frame>
  <frame idx="100" w="218" h="253" x="-66.000000" y="-98.000000">
   <element name="buckets" layername="buckets" frame="2" z_index="5" m_a="0.500000" m_b="0.000000" m_c="0.000000" m_d="0.500000" m_tx="0.000000" m_ty="-32.000000"/>
  </frame>
  <frame idx="125" w="218" h="253" x="-66.000000" y="-98.000000">
   <element name="buckets" layername="buckets" frame="2" z_index="5" m_a="0.500000" m_b="0.000000" m_c="0.000000" m_d="0.500000" m_tx="0.000000" m_ty="-32.000000"/>
  </frame>
  <frame idx="150" w="218" h="253" x="-66.000000" y="-98.000000">
   <element name="buckets" layername="buckets" frame="2" z_index="5" m_a="0.500000" m_b="0.000000" m_c="0.000000" m_d="0.500000" m_tx="0.000000" m_ty="-32.000000"/>
  </frame>
  <frame idx="175" w="218" h="253" x="-66.000000" y="-98.000000">
   <element name="buckets" layername="buckets" frame="2" z_index="5" m_a="0.500000" m_b="0.000000" m_c="0.000000" m_d="0.500000" m_tx="0.000000" m_ty="-32.000000"/>
  </frame>
  <frame idx="200" w="218" h="253" x="-66.000000" y="-98.000000">
   <element name="buckets" layername="buckets" frame="2" z_index="5" m_a="0.500000" m_b="0.000000" m_c="0.000000" m_d="0.500000" m_tx="0.000000" m_ty="-32.000000"/>
  </frame>
  <frame idx="225" w="218" h="253" x="-66.000000" y="-98.000000">
   <element name="buckets" layername="buckets" frame="2" z_index="5" m_a="0.500000" m_b="0.000000" m_c="0.000000" m_d="0.500000" m_tx="0.000000" m_ty="-32.000000"/>
  </frame>
  <frame idx="250" w="218" h="253" x="-66.000000" y="-98.000000">
   <element name="buckets" layername="buckets" frame="2" z_index="5" m_a="0.500000" m_b="0.000000" m_c="0.000000" m_d="0.500000" m_tx="0.000000" m_ty="-32.000000"/>
  </frame>
  <frame idx="275" w="218" h="253" x="-66.000000" y="-98.000000">
   <element name="buckets" layername="buckets" frame="2" z_index="5" m_a="0.500000" m_b="0.000000" m_c="0.000000" m_d="0.500000" m_tx="0.000000" m_ty="-32.000000"/>
  </frame>
 </anim>
 <anim name="salt" root="buckets" numframes="300" framerate="40">
  <frame idx="0" w="218" h="253" x="-66.000000" y="-98.000000">
   <element name="buckets" layername="buckets" frame="3" z_index="5" m_a="0.500000" m_b="0.000000" m_c="0.000000" m_d="0.500000" m_tx="0.000000" m_ty="-32.000000"/>
  </frame>
  <frame idx="25" w="218" h="253" x="-66.000000" y="-98.000000">
   <element name="buckets" layername="buckets" frame="3" z_index="5" m_a="0.500000" m_b="0.000000" m_c="0.000000" m_d="0.500000" m_tx="0.000000" m_ty="-32.000000"/>
  </frame>
  <frame idx="50" w="218" h="253" x="-66.000000" y="-98.000000">
   <element name="buckets" layername="buckets" frame="3" z_index="5" m_a="0.500000" m_b="0.000000" m_c="0.000000" m_d="0.500000" m_tx="0.000000" m_ty="-32.000000"/>
  </frame>
  <frame idx="75" w="218" h="253" x="-66.000000" y="-98.000000">
   <element name="buckets" layername="buckets" frame="3" z_index="5" m_a="0.500000" m_b="0.000000" m_c="0.000000" m_d="0.500000" m_tx="0.000000" m_ty="-32.000000"/>
  </frame>
  <frame idx="100" w="218" h="253" x="-66.000000" y="-98.000000">
   <element name="buckets" layername="buckets" frame="3" z_index="5" m_a="0.500000" m_b="0.000000" m_c="0.000000" m_d="0.500000" m_tx="0.000000" m_ty="-32.000000"/>
  </frame>
  <frame idx="125" w="218" h="253" x="-66.000000" y="-98.000000">
   <element name="buckets" layername="buckets" frame="3" z_index="5" m_a="0.500000" m_b="0.000000" m_c="0.000000" m_d="0.500000" m_tx="0.000000" m_ty="-32.000000"/>
  </frame>
  <frame idx="150" w="218" h="253" x="-66.000000" y="-98.000000">
   <element name="buckets" layername="buckets" frame="3" z_index="5" m_a="0.500000" m_b="0.000000" m_c="0.000000" m_d="0.500000" m_tx="0.000000" m_ty="-32.000000"/>
  </frame>
  <frame idx="175" w="218" h="253" x="-66.000000" y="-98.000000">
   <element name="buckets" layername="buckets" frame="3" z_index="5" m_a="0.500000" m_b="0.000000" m_c="0.000000" m_d="0.500000" m_tx="0.000000" m_ty="-32.000000"/>
  </frame>
  <frame idx="200" w="218" h="253" x="-66.000000" y="-98.000000">
   <element name="buckets" layername="buckets" frame="3" z_index="5" m_a="0.500000" m_b="0.000000" m_c="0.000000" m_d="0.500000" m_tx="0.000000" m_ty="-32.000000"/>
  </frame>
  <frame idx="225" w="218" h="253" x="-66.000000" y="-98.000000">
   <element name="buckets" layername="buckets" frame="3" z_index="5" m_a="0.500000" m_b="0.000000" m_c="0.000000" m_d="0.500000" m_tx="0.000000" m_ty="-32.000000"/>
  </frame>
  <frame idx="250" w="218" h="253" x="-66.000000" y="-98.000000">
   <element name="buckets" layername="buckets" frame="3" z_index="5" m_a="0.500000" m_b="0.000000" m_c="0.000000" m_d="0.500000" m_tx="0.000000" m_ty="-32.000000"/>
  </frame>
  <frame idx="275" w="218" h="253" x="-66.000000" y="-98.000000">
   <element name="buckets" layername="buckets" frame="3" z_index="5" m_a="0.500000" m_b="0.000000" m_c="0.000000" m_d="0.500000" m_tx="0.000000" m_ty="-32.000000"/>
  </frame>
 </anim>
 <anim name="ice" root="buckets" numframes="300" framerate="40">
  <frame idx="0" w="218" h="253" x="-66.000000" y="-98.000000">
   <element name="buckets" layername="buckets" frame="4" z_index="5" m_a="0.500000" m_b="0.000000" m_c="0.000000" m_d="0.500000" m_tx="0.000000" m_ty="-32.000000"/>
  </frame>
  <frame idx="25" w="222" h="262" x="-61.941551" y="-98.441551">
   <element name="buckets" layername="buckets" frame="4" z_index="5" m_a="0.526327" m_b="0.000000" m_c="0.000000" m_d="0.526327" m_tx="0.583333" m_ty="-35.916668"/>
  </frame>
  <frame idx="50" w="225" h="270" x="-57.883087" y="-98.883087">
   <element name="buckets" layername="buckets" frame="4" z_index="5" m_a="0.552653" m_b="0.000000" m_c="0.000000" m_d="0.552653" m_tx="1.166667" m_ty="-39.833332"/>
  </frame>
  <frame idx="75" w="228" h="279" x="-53.824646" y="-99.324646">
   <element name="buckets" layername="buckets" frame="4" z_index="5" m_a="0.578980" m_b="0.000000" m_c="0.000000" m_d="0.578980" m_tx="1.750000" m_ty="-43.750000"/>
  </frame>
  <frame idx="100" w="231" h="286" x="-49.766190" y="-99.766190">
   <element name="buckets" layername="buckets" frame="4" z_index="5" m_a="0.605307" m_b="0.000000" m_c="0.000000" m_d="0.605307" m_tx="2.333333" m_ty="-47.666668"/>
  </frame>
  <frame idx="125" w="235" h="294" x="-45.707726" y="-100.207726">
   <element name="buckets" layername="buckets" frame="4" z_index="5" m_a="0.631633" m_b="0.000000" m_c="0.000000" m_d="0.631633" m_tx="2.916667" m_ty="-51.583332"/>
  </frame>
  <frame idx="150" w="238" h="303" x="-41.649277" y="-100.649277">
   <element name="buckets" layername="buckets" frame="4" z_index="5" m_a="0.657960" m_b="0.000000" m_c="0.000000" m_d="0.657960" m_tx="3.500000" m_ty="-55.500000"/>
  </frame>
  <frame idx="175" w="241" h="311" x="-37.590828" y="-101.090820">
   <element name="buckets" layername="buckets" frame="4" z_index="5" m_a="0.684287" m_b="0.000000" m_c="0.000000" m_d="0.684287" m_tx="4.083333" m_ty="-59.416664"/>
  </frame>
  <frame idx="200" w="245" h="319" x="-33.532372" y="-101.532379">
   <element name="buckets" layername="buckets" frame="4" z_index="5" m_a="0.710613" m_b="0.000000" m_c="0.000000" m_d="0.710613" m_tx="4.666667" m_ty="-63.333336"/>
  </frame>
  <frame idx="225" w="248" h="327" x="-29.473915" y="-101.973915">
   <element name="buckets" layername="buckets" frame="4" z_index="5" m_a="0.736940" m_b="0.000000" m_c="0.000000" m_d="0.736940" m_tx="5.250000" m_ty="-67.250000"/>
  </frame>
  <frame idx="250" w="250" h="335" x="-25.415459" y="-102.415451">
   <element name="buckets" layername="buckets" frame="4" z_index="5" m_a="0.763267" m_b="0.000000" m_c="0.000000" m_d="0.763267" m_tx="5.833333" m_ty="-71.166664"/>
  </frame>
  <frame idx="275" w="253" h="344" x="-21.357018" y="-102.857025">
   <element name="buckets" layername="buckets" frame="4" z_index="5" m_a="0.789593" m_b="0.000000" m_c="0.000000" m_d="0.789593" m_tx="6.416667" m_ty="-75.083336"/>
  </frame>
 </anim>
</Anims>
